t3_k3evv3	Retired Admiral Says He's 'Very Concerned' About Trump Loyalists at Pentagon During Biden Transition
t3_k3cwgo	Wisconsin recount adds 87 votes to Biden’s victory over Trump
t3_k3d06y	Bernie Sanders says GOP ‘has ceased to be a political party’ and is now a ‘cult’ in fiery rebuke of Trump fraud claims
t3_k3bu36	Trump attacks FBI for not helping him overturn election result: ‘They just move on’ | The president is furious at the FBI for not backing his election fraud claims
t3_k3ds16	Trump Now Baselessly Suggests FBI Rigged Election Against Him in First Post-Election Interview
t3_k3c3iu	Trump Suggests FBI and Justice Department Led By His Own Appointees May Be 'Involved' With Rigging Election Against Him
t3_k3bhym	Trump pushes discredited election conspiracy theories in first TV interview since defeat
t3_k3chd0	Trump: 'I'm ashamed I endorsed' Georgia Gov. Brian Kemp
t3_k3f49w	“Mad King” Trump’s Post-Election Spiral Was Even More Deranged Behind Closed Doors
t3_k3fsab	Fox News Lets Trump Spew Lies Unchecked In First Interview Since Election Day
t3_k3hxsq	Fox News Host Shreds Election Fraud Claims Trump Made on Network Hours Earlier
t3_k3arud	Trump was ‘muttering, I won, I won, like ‘Mad King George’ after election defeat, report says
t3_k3ckad	Wisconsin recount confirms Biden’s win over Trump, cementing the president’s failure to change the election results
t3_k3agd7	"Trump campaign's legal arguments ""shredded in every court that they're dumb enough to step into"": Pennsylvania lt. governor"
t3_k3ac8d	Trump underperformed in most counties with large rallies | Many saw the rallies as a sign of big enthusiasm for Trump, but the data suggest the visits did not produce the desired impact for the president.
t3_k38s2v	Dogs and cats living together: Joe Biden says feline will join White House pets
t3_k3kfa9	'This is propaganda': Fox News' Maria Bartiromo slammed for 'softball' Trump interview
t3_k3e43n	Retired Navy admiral behind bin Laden raid: The rest of the world is waiting for Biden
t3_k3i5p9	Giuliani and Powell Could Not Give Evidence of ‘Explosive’ Fraud Claims When Asked by Others on Trump Team: Report
t3_k3hj1b	President-elect Joe Biden twists ankle after slipping while playing with dog
t3_k3a3ku	Op-Ed: How Trump is laying the groundwork for violence and unrest during Biden’s presidency
t3_k38mjd	Trump attorneys described Giuliani as 'deranged' and likened the team pushing election fraud claims to a 'clown car,' report says
t3_k37wn6	"Forget about ""moving on"" from Trump — the nation can't heal without accountability"
t3_k3c7il	Trump said he wanted to file 'one big, beautiful lawsuit' claiming election fraud, but his lawyers told him he didn't have legal standing
t3_k37kop	Trump was convinced he was going to win on election night in a repeat of 2016, and was 'shouting at everyone' when Fox News called Arizona for Biden
t3_k3bcok	Trump cannot pardon himself former White House ethics lawyer says
t3_k3ecom	Completed Wisconsin recount confirms Biden’s win over Trump
t3_k3du0g	Fauci says he lacks power to get Trump to discourage holiday travel, warns of surge upon COVID surge
t3_k3arda	Senior Republican senator accepts election was not rigged but refuses to call Biden president-elect
t3_k3jmhf	From Terre Haute to Tehran to your grandma, Trumpism is revealed as a death cult in the end.
t3_k391by	Lieutenant governor: Trump campaign would get its 'clock cleaned' if it appeals Pennsylvania ruling to Supreme Court
t3_k3j0yc	Source: Pa. lawmaker gets a positive test at Trump meeting
t3_k3irr6	Official Says No Evidence of Fraud During Wisconsin County's Recount, Biden Still Wins the State
t3_k3evh9	Trump said world leaders complained to him about the election results — but most of them have already congratulated Biden
t3_k3fge7	Take a Look at What Trump Was Doing as Thousands Died of COVID-19
t3_k3i7pn	Biden hires all-female senior communications team
t3_k3gbey	Politics updates: Trump mocked for claim that 'I came up with vaccines'; Blunt won't call Biden president-elect
t3_k3ayh6	Joe Biden plans quick moves to boost protections for LGBTQ Americans, including lifting Trump’s ban on transgender military service
t3_k3dkne	Wisconsin Completes Partial Presidential Recount, Biden Gains 166 Votes
t3_k37m2b	The Republican Secretary of State for Georgia says Trump 'should leave quietly' after state's election recount confirmed Biden's win
t3_k3khjm	Pa. lawmaker gets news of positive COVID test while meeting with Trump at White House
t3_k3ecjz	Advocates Push For Resurrection Of DoJ Civil Rights Division Under Biden
t3_k38l6p	Beware going 'back to normal' thoughts – normal gave us Trump
t3_k3g7qk	Trump rails at judges as another court rejects his lawyers' claims of voter fraud
t3_k3fz09	Trump legal team will ‘get their clock cleaned’ by Supreme Court in challenging Pennsylvania election results, official says
t3_k3d3f8	To this Supreme Court, religious freedom trumps public health — even amid the COVID plague - America may be back, as Joe Biden says, but at the Supreme Court, with its extremely conservative new majority, America is increasingly unrecognizable
t3_k3e5ct	Fox News' Maria Bartiromo gave Trump his first TV interview since the election. It was filled with lies
t3_k3fz0x	Trump baselessly claims the FBI and DOJ may be involved in a ploy to 'rig' the election and says the agencies have been 'missing in action' in his legal battles
t3_k3hmac	Memo to Biden: Go big — use the moment to not only rebuild but to rebuild differently
t3_k32m73	Navajo Nation's Jill Jim named to President-elect Joe Biden's COVID-19 Advisory Board
t3_k3gjao	Trump senior aide Kushner and team heading to Saudi Arabia, Qatar
t3_k38qqi	Trump’s Election Attack Ends December 14—Whether He Knows It or Not
t3_k3khqf	Pa. lawmaker was informed of positive coronavirus test while meeting with Trump: report
t3_k3e5z7	Completed Wisconsin Recount Confirms Biden's Win Over Trump
t3_k3fdo0	Trump Complains About 'Massive Dumps' While Lying About Why He Lost
t3_k3atlw	Trump tells viewers to watch 'anything else' but Fox News ahead of his 1st interview since Election Day
t3_k39783	Let Trump try to defend racist, traitorous Confederates. Congress can still prevail.
t3_k3jlh5	Source: Pa. state Sen. Doug Mastriano learns of positive coronavirus test at Trump meeting
t3_k3e29l	Lifting near-total ban on transgender people from military service among Biden plans to protect LGBTQ rights
t3_k3er1o	Top US Cybersecurity Official Fired by Trump Calls Allegations of Voter Fraud ‘Farcical Claims’
t3_k3kqj0	Jennifer Psaki to Be Press Secretary as Biden Names All-Female Communications Team
t3_k3fk4j	Beware going 'back to normal' thoughts – normal gave us Trump
t3_k3f3b9	Wisconsin recount confirms Joe Biden’s win over Donald Trump
t3_k3h7rw	Trump falls short in Wisconsin recount he paid $3 million for
t3_k3jlp6	Recount in two Wisconsin counties reinforces Biden’s victory.
t3_k3g69n	Trump’s first interview since losing reelection was a smorgasbord of disinformation: The president spread conspiracy theories about rigged voting machines, mail-in voting, and more.
t3_k3dnz2	Delusional Trump Says He’ll Waste ‘125%’ Of His Energy Into Already Low Energy Election Lawsuits
t3_k3bb83	Trump's lies about the election show how disinformation erodes democracy
t3_k31mpq	Trump Tells Fans to Watch ‘Anything Else’ but Fox News Ahead of His Own Fox News Interview
t3_k2zswu	GOP Lawmaker Slams Republican Trump Loyalists, Calls MAGA Base 'Anti-American,' Says He's 'Damn Sick of It'
t3_k3lck8	Trump Did Worse in Counties Where He Held His Final Rallies: Report
t3_k2zswu	GOP Lawmaker Slams Republican Trump Loyalists, Calls MAGA Base 'Anti-American,' Says He's 'Damn Sick of It'
t3_k3d1qw	Trump says his election challenges probably won't make it to the Supreme Court
t3_k30k0w	"Donald Trump's biographer says he ""cannot even succeed at being a loser"""
t3_k3g7qz	Wisconsin Recount Confirms Biden’s Victory Over Trump, Again.
t3_k3akel	Pa Supreme Court Rejects Another Gop Effort To Block Certification Of Biden’s Win
t3_k37g8m	Limbaugh criticizes Trump’s lawyers: They promised “blockbuster” evidence — then “nothing happened”
t3_k2ysnf	Pennsylvania Supreme Court dismisses Trump allies’ attempt to throw out millions of mail-in ballots
t3_k3lkkn	Fox News Host Pulls Apart Election Lies Trump Spouted On Network Hours Earlier
t3_k3lrqt	We Won’t Forget and We Won't Forgive What Trumpists Did To America
t3_k3hach	John Nichols: Trump wants to take the internet down with him
t3_k3g5my	Trump says he is ashamed that he supported Georgia Gov. Brian Kemp
t3_k3e88e	Trump, without evidence, calls the 2020 presidential election results 'the greatest fraud in the history of our country from an electoral standpoint'
t3_k3jnqz	Source: Pa. lawmaker gets a positive test at Trump meeting
t3_k3itl5	Biden names Jen Psaki as White House press secretary as part of all female communications team
t3_k3hygn	White House coronavirus adviser Deborah Birx hopes to brief Joe Biden about pandemic on Monday
t3_k3lk06	Pennsylvania Lt. Gov. John Fetterman calls Trump's election lawsuits 'mandatorily aired absurdities' and calls out Twitter over its handling of the president's misinformation
t3_k31bt6	With a Biden win, Bears Ears and Grand Staircase monuments may soon be restored
t3_k3j8m1	Biden names Jen Psaki White House press secretary along with an all-female senior communications staff
t3_k35o1g	'They’re trying to take our votes away': Trump's effort would throw out ballots from 238,000 Wisconsin voters
t3_k3lk40	Trump loyalist Pa. State Sen. Doug Mastriano tests postive for COVID-19 after meeting Republicans at White House
t3_k3gmu1	Wisconsin election recount confirms Biden’s win over Trump
t3_k3kq0o	The Biden Era Will Be Neither Normal Nor Boring | The next four years will be quieter than the past four, but they will still be chaotic.
t3_k3g4s5	Trump Administration Fast Tracking Executions and Trying to Bring Back Firing Squads Before Biden's Inauguration
t3_k2xnep	Trump Calls Fox News 'Virtually Unwatchable,' Points Followers to OANN and Newsmax
t3_k2yhfy	GOP congressman calls party's refusal to acknowledge Biden's win a 'massive grift' and says Trump 'forgot he was serving people and not himself'
t3_k3gb1n	Biden can begin quickly reversing Trump’s damaging impact on LGBTQ rights — with or without Congress
t3_k3jrbe	Biden chooses an all-female senior White House press team
t3_k3kq63	President-elect Biden chooses an all-female senior White House press team
t3_k3c70t	Trump: 'I'm ashamed that I endorsed' Kemp in Georgia
t3_k2y6nr	'Voters, Not Lawyers, Choose The President': Trump Team Dealt Another Blow In Court
t3_k3iay9	Trump says it will be 'hard to get' his election claims to Supreme Court
t3_k3gab7	Trump admits 'it's hard to get to the Supreme Court'
t3_k3gzle	‘My mind will not change in six months’: Trump says he will not accept defeat whatever happens
t3_k3jloc	Biden announces all-female senior White House communications team
t3_k39byi	McDaniel Struggles To Energize Trump Supporters Convinced Of Fraud To Vote In GA Runoffs
t3_k2x8f1	New polls show Mike Pence will never be president as long as the Trumps are around
t3_k39ura	Trump Races to Weaken Environmental and Worker Protections, and Implement Other Last-Minute Policies, Before Jan. 20
t3_k3ici2	Trump on Kemp: ‘I’m ashamed that I endorsed him’
t3_k3hjiu	Recount confirms Biden's win in Wisconsin
t3_k39lln	Trump transition show is jumping the shark
t3_k3e487	WI Recount Cements Biden’s Win And Trump’s Failure To Overturn Results
t3_k3civx	Trump on election claims: 'My mind will not change in six months'
t3_k2v21a	Trump Supporters in Georgia Ask RNC Chair Why They Should Vote in Runoffs When System Is 'Rigged'
t3_k3gjgq	EU proposes new post-Trump alliance with U.S. in face of China threat: FT
t3_k38sk7	America’s stance on human rights has a global impact – Biden must restore credibility
t3_k3l9pr	Doctor says Biden fractured foot while playing with his dog
t3_k3cdu8	Dane County completes presidential election recount: 91 vote reduction for Biden, 46 vote reduction for Trump | Local News
t3_k3i9qt	Trump rails at judges as another court rejects his lawyers' claims of voter fraud
t3_k3gpvf	Donald Trump refuses to concede in first post-election TV appearance
t3_k3l3zn	Trump clings to bevy of bogus election claims
t3_k3e1s8	Let’s Talk About ‘Massive Dumps’ That Lost Trump the Presidential Election
t3_k3ciju	Republicans turn to Biden transition as Trump's legal options dwindle
t3_k3khvs	Biden picks all women to lead the White House communications team
t3_k37ege	Make America incompetent again? Trump wants to ruin our merit-based federal jobs system.
t3_k2ylpt	"Trump's ""total fraud"" election tweets follow template he used in 2016 and 2012 against Cruz, Obama"
t3_k3kaq9	Every Senior Member Of The Biden-Harris Communications Team Will Be A Woman
t3_k3ia5q	GOP Sen Refuses To Refer To Biden As POTUS-Elect Even After Trump Lawsuits Fizzle
t3_k3cjn0	Jill Biden, Joe’s chief protector, to step up as first lady
t3_k3iqlo	Biden to name economic team this week, with three women in top roles to help build recovery
t3_k3fy4g	Canada moves to limit prescription drug exports after Trump order
t3_k3i3aa	With Fox’s Maria Bartiromo as his first post-election interviewer, Trump found a sympathetic ear and few questions
t3_k3iv9k	Biden's goals likely exceed America's state pre-Trump Reich says
t3_k3ifqq	Biden to nominate Tanden, Rouse to economic team: WSJ
t3_k3e1db	The Cost of Trump’s Assault on the Press and the Truth
t3_k3dxmk	Trump claims world leaders are calling to say how 'messed up' the U.S. election was despite most congratulating Biden
t3_k2uvw9	Editorial: Why President Trump's pardon of Michael Flynn is even dirtier than the rest
t3_k3izhw	Biden and Harris announce all-female communications team
t3_k3itz3	Is Trump headed to another campaign or to a courtroom?
t3_k3k9lb	President-elect Joe Biden hires all-female communications staff
t3_k2rd69	Twitter Has Flagged 200 of Trump’s Posts as ‘Disputed’ or Misleading Since Election Day. Does It Make a Difference?
t3_k3c6fh	Trump expresses doubt on whether Supreme Court will hear election cases
t3_k3i6sx	President-Elect Joe Biden Twists Ankle While Playing With Dog, Visits Doctor
t3_k3hr72	OMB Lists Positions Stripped of Job Protection Under Trump Order
t3_k3hwyy	Biden Has New Progressive Education Rhetoric — But Policy Will Be the Test
t3_k39g8h	COVID-19 and Psychiatry: an Open Letter to President-Elect Biden
t3_k3lqy7	Jill Biden, Joe’s chief protector, to step up as first lady
t3_k3bhry	Canada blocks some bulk prescription drug exports to U.S. to prevent shortages | Trump touted drug imports from Canada as a way to lower costs for Americans
t3_k3gmc4	Joe Biden would rescue world alliances with Antony Blinken
t3_k2pvp7	Joe Exotic reportedly spent $10,000 in Trump hotel hoping for presidential pardon
t3_k2rosx	Georgia Secretary of State's Message to Trump After State's Election Recount: 'You Should Leave Quietly'
t3_k3it2o	Biden to nominate Neera Tanden, Cecilia Rouse to economic team: WSJ
t3_k300xg	Pennsylvania Supreme Court dismisses lawsuit against mail ballots with prejudice in another defeat for Trump
t3_k3ilhh	Biden taps Obama's former communications director for press secretary
t3_k2udbo	How Rudy Giuliani went from a respected federal prosecutor and beloved NYC mayor to Trump's bag man
t3_k2yxkj	Pennsylvania Supreme Court Tosses Trump Ally Mike Kelly’s Constitutional Challenge to the 2020 Election
t3_k3lai4	Doctor says Biden sprained a foot while playing with his dog
t3_k34ihn	Trump's Touted 'Coronavirus Drug' Linked To Psychiatric Disorders
t3_k3d824	Biden administration prepares to inherit controversial Trump immigration policies
t3_k3j031	Biden To Name Tanden as Budget Chief, Rouse to Economic Council
t3_k38sbt	Supreme Court reviews Trump plan to exclude undocumented immigrants in redistricting
t3_k3ikqf	Joe Biden Hurt His Ankle While Playing With His Dog Major
t3_k3bvxb	Trump Looms Large Now, but Maybe Not Forever
t3_k3b5b9	Republican Arkansas governor: Trump beginning transition process more 'significant' than a concession
t3_k3d3w2	Trump still alleges widespread fraud, but says ‘it’s hard to get into the Supreme Court’
t3_k3dzxf	Trump continues to deny he lost in first post-election interview, says FBI and DOJ 'missing in action' against 'total fraud'
t3_k3ikyw	Biden to be examined by orthopedist after twisting ankle
t3_k2p1dh	Trump ‘is considering an event to announce his 2024 campaign on the day of Biden’s inauguration’
t3_k3lel1	With the vote count now over, here’s how Pennsylvania broke for Joe Biden
t3_k3etan	Some Republicans, including Roy Blunt, would like to see Trump at Biden's inauguration
t3_k3hpa5	Biden to be examined by doctor after twisting ankle
t3_k3lzai	Ousted Trump cybersecurity director debunks 2020 election rumors
t3_k2xjqa	Did American Democracy Really Hold? Maybe Not. Donald Trump didn’t manage to overthrow the electoral system. But he’s drawn a clear road map for breaking it.
t3_k3dk2m	Wisconsin’s Dane County Affirms Biden’s Win After Recount
t3_k3lqst	As Trump raves, Biden appoints more women to major White House roles
t3_k3lze2	Biden to receive first presidential intelligence briefing on Monday
t3_k3iwlp	Biden picks top campaign aides in key communications roles
t3_k3dwxw	Trump blames his loss on ‘big massive dumps’ — and is now reportedly planning to kick off a 2024 campaign during Biden’s inauguration
t3_k2nq45	Former security officials warn Donald Trump won't keep state secrets
t3_k2pxtv	Biden Needs To Report Trump’s Wreckage in Executive Branch as Markers - They must not let the Trumpster outlaws escape and become immune fugitives from justice
t3_k2svoo	Trump’s GOP is Increasingly Racist and Authoritarian—and Here to Stay
t3_k3dkke	‘My mind will not change in six months’: In first post-election TV interview, Trump renews baseless claims of voter fraud
t3_k2n3jg	President Trump paid $3M in Wisconsin recount only for Biden to gain 132 votes
t3_k2vo96	Biden will leave decision about who gets the coronavirus vaccine first up to public health experts and scientists, his COVID-19 advisor says
t3_k382rc	Biden Must Stand Up to China on Human Rights
t3_k2zfc8	Biden’s Covid-19 Mission — As Donald Trump continues to find new ways to make things worse, Joe Biden is preparing to take immediate action on an escalating crisis.
t3_k3j5ye	President-elect Joe Biden twists ankle after slipping while playing with dog
t3_k2v3mz	Lame-Duck Trump Makes Legal Moves to Fire Federal Employees in Possible Attempt to Sabotage Biden Admin..
t3_k3ermo	Supreme Court Weighs Trump Bid To Bar Illegal Immigrants From Census Coun
t3_k3j39f	Biden announces all-female White House communications team
t3_k2oc61	Eric Trump's Latest Attempt To Spread Disinformation Backfires Like All The Rest
t3_k3i40y	President-elect Joe Biden twists ankle after slipping while playing with dog
t3_k3eytg	Biden's lead in Dane County, Wisconsin, narrows by just 45 votes after recount
t3_k2zuj2	Trump has lost a string of blistering court rulings. A judge said one claim was ‘like Frankenstein’s monster’
t3_k3dnc6	Congress can wait: How Biden can reshape our future with executive action
t3_k2mbc0	Trump spent $3 million for a vote recount in Wisconsin's largest county to support his baseless claim of ballot fraud but lost by even more than initially thought
t3_k2s4iu	Biden gets boost from Wisconsin recount that cost Trump $3M
t3_k2vq5e	Trump spent $3 million on a Wisconsin recount which has boosted Biden’s total vote
t3_k39v9d	President Trump's war on immigration takes on political overtone at Supreme Court
t3_k2x7q2	Biden's national coronavirus strategy is starting to take shape - and it's very different than Trump's
t3_k3cvaf	Blunt deflects on calling Biden 'president-elect'
t3_k3hi19	President-elect Joe Biden twists ankle after slipping while playing with dog
t3_k2tfhg	Trump lawsuit confuses Michigan and Minnesota locations in affidavit claiming voter fraud
t3_k2z8ls	Trump supporter who gave $2.5m to fight election fraud wants money back
t3_k3jfse	Biden twists ankle while playing with dog, visits a doctor
t3_k2lvxi	Trump Biographer Hits President Where It Hurts: Can’t Even Succeed At Being A Loser
t3_k319qe	Pennsylvania SC rejects GOP effort to block election certification, says it's too late in latest Trump defeat
t3_k32m0f	In Another Legal Blow To Trump, Pa. Supreme Court Tosses Suit Challenging Mail-In Ballots
t3_k2mwh6	Milwaukee County certifies election in Biden's Favor, says no fraud found in recount
t3_k377x0	Donald Trump, wounded wasp
t3_k381in	The most important relationship in D.C.? Biden and McConnell have a history
t3_k2notv	Trump shrugs off Pennsylvania lawsuit defeat by falsely claiming he won state ‘by a lot’
t3_k39bx2	Trump banking proposal on fossil fuels sparks backlash from libertarians
t3_k2nsgq	Record Asian American turnout helped Biden win Georgia. Can it help flip the Senate?
t3_k319q2	Cindy McCain Is Reportedly Biden's Top Pick To Be Ambassador To The U.K.
t3_k3m0i8	The King of Trump TV Thinks You’re Dumb Enough to Buy It
t3_k31wox	The Supreme Court, faithless electors, and Trump’s final, futile fight
t3_k2z1am	Canada blocks bulk exports of some prescription drugs in response to Trump import plan
t3_k301wm	Supreme Court takes up Trump order to remove undocumented immigrants from population count
t3_k2yxga	Biden's lead increases in Wisconsin's largest county after recount demanded by Trump campaign
t3_k32pcb	Trump tweets legal advice from Diamond and Silk to support voter fraud allegations
t3_k2zui0	20 days of fantasy and failure: Inside Trump’s quest to overturn the election
t3_k2pi0x	Thomas Frank: Trump Will Be Evicted, but Trumpism Lives On — The Democratic Party’s future must be built around class-based issues in order to reach working people.
t3_k2o1am	Joe Biden expected to name Cindy McCain as ambassador to UK
t3_k2zlxv	Biden-Harris Transition Announces COVID-19 Advisory Board Members
t3_k2vfky	Federal appeals court rejects a Trump election lawsuit: “Calling an election unfair does not make it so” : The Trump campaign can’t stop losing election lawsuits.
t3_k3bk8l	Can Boris Johnson and Joe Biden Find Happiness? Leaving aside Johnson’s “Kenya” dis of Obama, the British Prime Minister is at odds with the President-elect over Brexit and the Irish border. Can the US-UK “Special Relationship”be saved?
t3_k3dk30	Elissa Slotkin mentioned in report as possible CIA director for Biden
t3_k2pbnt	Biden plans swift moves to protect and advance LGBTQ rights
t3_k2z4mz	Attention Starved Trump May Start 2024 Campaign During Biden's Inauguration, Report Says
t3_k2wpbj	Trump Administration Moves To Sell Drilling Rights To Alaska's Arctic National Wildlife
t3_k2r3w1	President Trump invited Pa. lawmakers to the White House. Then everyone went silent.
t3_k3afk1	One-termers: What Trump can learn from Carter and Bush's re-election losses
t3_k392f3	'He understands Washington': Joe Scarborough finds echoes of Truman in Biden
t3_k2p2qm	What could Trump do to tank the economy out of vengeance? What Republicans have done for years
t3_k38l2z	U.S. Supreme Court weighs Trump bid to bar illegal immigrants from census totals
t3_k2yr2m	As Georgia Republicans aim to unite, Trump’s ‘rigged’ claims drive a wedge
t3_k390wf	Trump says he’ll step down if electoral college votes for Biden
t3_k2xu2z	Harris Scoffs at the Idea of a Rematch Against Trump in 2024
t3_k2mtq3	Top cybersecurity official fired by Trump says allegations of foreign interference in election ‘farcical’
t3_k2vfr5	Trump crams one last racist policy into his final days as president
t3_k2wxwg	President-elect Biden considering appointing members of the LGBTQ+ community to his cabinet
t3_k2vxld	Some conservatives urge Trump to drop fraud claims ahead of Ga. runoffs
t3_k3812r	What Biden's national security team says about his world view
t3_k2r8wr	Judges Toss Challenge of Trump Memo to Exclude Undocumented Immigrants from Census Count
t3_k3lzws	Doctor says Biden fractured foot while playing with his dog
t3_k2qkku	Biden plans swift moves to protect and advance LGBTQ rights
t3_k2ryk3	Trump Threatens to Veto Military Funding Over Provision to Rename Confederate Military Bases
t3_k2yyne	New Consensus co-founder discusses proposal for Biden to use Fed to sidestep Congress
t3_k2orel	Supreme Court to hear arguments on Trump administration's attempt to exclude undocumented immigrants from census
t3_k2f9sx	Recount in Wisconsin county demanded by Trump increases Biden's margin
t3_k2gcs5	Security Experts Fear State Secrets Won’t Be Safe With Indebted Donald Trump
t3_k2ycos	Trump Reportedly Considering Launching 2024 Campaign During Biden’s Inauguration
t3_k2n9wl	Team Trump’s legal arguments veering into paranoid kook-land
t3_k2z6n0	Biden plans swift moves to protect and advance LGBTQ rights
t3_k31k8r	Killing of suspected Iranian nuclear mastermind risks confrontation as Trump exits
t3_k2n0zl	Was scientist’s killing the opening shot of a Trump-led war on Iran?
t3_k38naz	The 3 nuclear threats facing President-elect Biden
t3_k37tgx	Top Trump Aide O’Brien Shadowed in Asia by U.S. Election Tumult
t3_k2qja6	Biden's climate plans can cut emissions and also be good politics
t3_k2ztir	For Trump advocate Sidney Powell, a playbook steeped in conspiracy theories
t3_k2e4so	Electoral college to vote December 14th with or without President Trump’s concession
t3_k2s1xt	Biden Sees Lead Increase in Milwaukee County After Trump Pays for Vote Recount
t3_k2rbd5	AP Fact Check: Trump distorts military role in vaccines
t3_k2dgn2	Biden netted 132 extra votes after Milwaukee County recount
t3_k2dhb5	Trump Is Gaslighting Himself and Really Thinks He Won the Election, Mary Trump Says — “I don’t think he’s ever accepted the truth of the loss. I don't think he’s psychologically or emotionally capable of that.”
t3_k2wiaz	Biden transition adds new members to coronavirus task force
t3_k2o0xi	Mnuchin plans to move $455B in coronavirus relief out of Biden's reach
t3_k3m24h	Doctor says Biden fractured foot while playing with his dog
t3_k3m243	Biden will likely require walking boot for several weeks after fracturing foot
