name	title
t3_k4sz3u	Megathread: Attorney General Barr: No Widespread Election Fraud
t3_k4z1g1	Megathread: Justice Department Investigating Potential Presidential Pardon Bribery Scheme
t3_k4u2c9	"Barack Obama narrates new Jon Ossoff ad ahead of Georgia runoff: ""Vote like our lives depend on it, because they do"""
t3_k4v18v	"Activists drop body bags outside homes of Mitch McConnell, Lindsey Graham, to protest Congress' failure to pass stimulus"
t3_k4vccg	"Manchin Says Ocasio-Cortez Tweets More Than She Legislates, but He's Missed More Votes"
t3_k4xckc	Lou Dobbs Accuses Bill Barr of Being ‘Compromised’ and Part of the ‘Deep State’
t3_k4ncrp	Rudy Giuliani reportedly seeks pardon from Donald Trump
t3_k4oxui	"If Senate Democrats Are Sick of Losing to Mitch McConnell, They Should Try Fighting - As a first step, that means making Sheldon Whitehouse the Democratic leader of the Senate Judiciary Committee."
t3_k4vrjd	"Ohio tea party leader urges Trump to suspend the Constitution, declare martial law to hold new vote"
t3_k4pazd	A witness in Trump ally Sidney Powell's lawsuits says the voting results in 'Edison County' indicate fraud. No such place exists.
t3_k4ukp4	Judge: Detained immigrants must see a judge within 10 days
t3_k4qcko	"Don't be fooled: Trump's conspiracy theories won't discourage Georgia Republicans. Republican voters aren't fooled by Trump's lies about ""rigged"" elections — they think they're in on the con"
t3_k4sfo3	Justice Alito Ripped for Repeatedly Ignoring That It Was Justice Sotomayor’s Turn to Speak
t3_k4rc4b	Joe Biden should do everything at once | How to succeed in hyperpolarized politics: run a blitz.
t3_k4ls58	Obama says Dolly Parton not getting medal of freedom was 'screwup': 'I'll call Biden'
t3_k4oa4q	Trump Campaign Lawyer Joe diGenova Could Be Disciplined for ‘Stunning’ Statement That Chris Krebs Should Be ‘Shot’
t3_k4mbl6	The President* Is Running a Direct-Mail Scam from Inside the White House | Exiled Nigerian princes in my inbox have a less obvious pitch than this guy does.
t3_k4wrj9	"Obama: Broad slogans like ""defund the police"" lose people"
t3_k4nukv	"‘America Is a Republic, Not a Democracy’ Is a Dangerous—And Wrong—Argument"
t3_k4kdu7	New York Gov. Andrew Cuomo Wants to Close 'Loopholes' Allowing Cops to Keep Credentials After Being Fired for Misconduct
t3_k4mafp	"While Kelly Loeffler opposed new COVID aid, her husband’s firm sought to profit off the pandemic"
t3_k4kzrf	Trump shares posts asking ‘why bother voting for Republicans?’ ahead of key vote that could decide Senate
t3_k4k4cu	"Trump attacks GOP governors, retweets 'why bother voting for Republicans'"
t3_k4v2pn	"Rudy Giuliani and Jenna Ellis Lost Their Minds When Bill Barr Said Game Over, and Lawyers Had Some Thoughts"
t3_k4spm0	Sidney Powell’s ‘Kraken’ Lawsuit Included Altered Exhibit of Georgia’s Certification of Dominion Voting Machines
t3_k4jmqi	House Democrats Demand Increase in IRS Funding to Go After 'Wealthy Tax Cheats'—Like Donald Trump
t3_k4xkcd	Obama: You lose people with 'snappy' slogans like 'defund the police'
t3_k4kfzg	Biden readies major stimulus push and flurry of executive actions in first 100 days
t3_k4lhre	"‘They can know that there are things coming’: Former cybersecurity chief hints at legal action against Trump campaign attorney - “The way I look at it is that we’re a nation of laws, and I plan to take advantage of those laws,” said Christopher Krebs."
t3_k4xrcx	Groups sue Trump and White House to stop destruction of administration records
t3_k4y1i3	Trump to boycott Biden’s inauguration and won’t even invite him for White House visit - report
t3_k4nbz8	Krebs looking at legal 'opportunities' after Trump campaign lawyer said he should be 'shot'
t3_k4uczx	"Houston will send residents checks of up to $1,200 for pandemic relief"
t3_k4js8c	'All About the Grift': Trump Reportedly Raises Over $150 Million for Non-Existent 'Election Defense Fund'
t3_k4mrhz	Trump wants Georgia's GOP governor to 'call off the election'
t3_k4unqz	Congress needs to fix Donald Trump's favorite loopholes — Trump has been adept at exploiting every loophole available to him in the law. Congress needs to go full post-Watergate and close off as many as possible.
t3_k4n99x	"Rudy Giuliani talked to Trump about getting a preemptive pardon before the president leaves office, report says"
t3_k4l8iy	Arizona Gov. Doug Ducey Appears To Ignore Call From Trump While Certifying Election Result - The Republican governor heard plenty from the president on Twitter later.
t3_k4t3ox	Bank of America joins big U.S. banks that won’t finance oil in the Arctic refuge Trump opened to drilling
t3_k4psh0	Gird Yourself for the Onrushing Deluge of Shameless Republican Hypocrisy
t3_k4p9fa	A Trump Lawyer Just Called For the Execution of Trump's Former Election Security Chief
t3_k4q44l	Trump Is Milking His Donors For All They’re Worth Before He Leaves Office
t3_k4uuws	Georgia election official demands Trump stop 'inspiring' violence: 'Someone's going to get killed'
t3_k4upt0	"Even after he’s gone, Trump will try to hog the spotlight. Ignore him, media colleagues | Opinion"
t3_k4yt47	"Trump fired me for saying this, but I’ll say it again: The election wasn’t rigged"
t3_k4zda1	Trump Reportedly Considering Pardons For 3 Of His Children And Rudy Giuliani
t3_k4qof8	"268,000 People Died and Scott Atlas Shrugged: Trump's ""Most Dangerous"" Covid Adviser Quits | Atlas brought no expertise in infectious diseases but plenty of misinformation to the position."
t3_k4qzjw	Mayor declares racism a public health crisis in Louisville after Breonna Taylor killing
t3_k4w02o	"""Someone's going to get killed"": Georgia official slams Trump, others on post-election rhetoric"
t3_k4wxx5	"Trump associates, including Giuliani, are asking for pardons"
t3_k4zqdg	Removing Trump Is Not Enough. He Must Be Prosecuted.
t3_k4lrw2	Rudy Giuliani's latest conspiracy: 'Illegal aliens' stole Arizona's election from Trump
t3_k4sdew	Senate Democrats introduce a plan to reinstate the $600 federal unemployment benefit until October 2021
t3_k4petk	‘You’ve buried the money’: Democratic senator rips Mnuchin for pulling key Covid lending programmes
t3_k4mkbm	The Superspreader White House Is Throwing a Dozen Indoor Holiday Parties During a Pandemic
t3_k4zhi4	"Trump, Kushner, White House sued by watchdog to prevent illegal deletion of official emails, WhatsApp messages"
t3_k4rd38	"DeSantis says Disney layoffs ‘mostly in California,’ despite 18,000 terminations in Orlando"
t3_k4t31q	Mitch McConnell for the first time appears to accept Biden's election victory over Trump
t3_k4qwo5	Trump Is Wringing Every Last Cent Out of His Supporters on the Way Out
t3_k4wxi7	"'It has all gone too far': Georgia voting official tears into Trump, GOP senators for fueling threats against election workers and being 'complicit' with their silence"
t3_k4m4bw	Donald Trump Jr. tells Georgia Senate voters that Trump is on the ballot
t3_k4obve	Chris Krebs hints at legal action against Trump campaign lawyer who suggested he be 'shot'
t3_k4y5oi	"GOP lawsuit to overturn election included my name as plaintiff without permission, Wisconsin ex-candidate says"
t3_k4xeyq	Mitch McConnell is said to be circulating a stimulus plan that doesn't include any extra federal unemployment benefits
t3_k4iwmr	Christie's 2013 campaign hasn't paid off $1M in debt to 2 firms
t3_k4m8jq	Trump keeps retweeting the anonymous account 'Catturd2' which backs his baseless election-fraud claims. The handle is now trending.
t3_k4rv51	Rudy Giuliani wants lawmakers to seize Arizona's 11 electoral votes. Is he nuts?
t3_k4y6fv	Former cybersecurity chief plans to take legal action after Trump lawyer calls for him to be shot
t3_k4jgf4	"Louisville police's 'no-knock' warrants most often targeted Black residents, analysis shows"
t3_k4sfuy	"Ohio Gov. Mike DeWine admits state doesn't have money to distribute COVID vaccine, urges Congress to pass stimulus"
t3_k4uamv	Trump reportedly ousts top Pentagon official leading ISIS fight
t3_k4m9f8	Biden plans to reverse Trump’s anti-LGBT+ policies including trans military ban
t3_k4yse8	"“Do You Want to Actually Get Something Done, or Do You Want to Feel Good?”: Obama Urges Activists to Talk Reforming, Not Defunding, the Police"
t3_k4ptcd	"Sen.-elect Mark Kelly, wife Gabrielle Giffords visit Sen. John McCain's grave"
t3_k4uzse	Federal Court Will Not Sanction Trump Campaign for Lying in Michigan Voting Lawsuit
t3_k4vh8x	"Georgia official: Trump, U.S. senators complicit in potential violence"
t3_k4lpoi	Report: Trump Has Raised More Than $150M On Election Fraud Propaganda
t3_k4r50m	White House Plans Multiple Indoor Parties to Super-Spread Holiday Cheer
t3_k4n1eh	Video shows Arizona governor ignoring 'Hail to the Chief' call while certifying Biden victory
t3_k4va65	William Barr Kept Silent For Weeks As Trump’s Voter Fraud Conspiracy Theories Spread
t3_k4n9ae	"After Trump Att’y Calls For His Death, Former DHS Official Warns That He Has Good Lawyers"
t3_k4yyae	Nevada governor: 'Unconscionable' for Trump to suggest Reno's COVID-19 surge unit 'fake'
t3_k4wcvg	Former Arizona GOP politician sentenced to prison for illegal adoption scheme
t3_k4xmzx	"‘Gone Too Far’: Ga Election Official Torches Trump, Gop Sens For Silence On Death Threats"
t3_k4zdwq	‘That’s Not a Thing’: AG Barr’s Special Counsel Appointment of Durham Did Not Follow DOJ Rules
t3_k4xqqm	"After Months of Obstructing Covid Relief, GOP Has Left 'Children Begging Santa for Their Basic Needs'"
t3_k4v6xj	"Georgia election official condemns Trump after threat to worker: Gabriel Sterling, an aide to Georgia's secretary of state, said Trump should ""stop inspiring people to commit potential acts of violence."""
t3_k4xbfs	Trump bilks $170 million from supporters to fund suits—but his PAC pockets most of the cash: report
t3_k4wmce	GOP candidate says he was used without permission as a plaintiff in lawsuit to overturn Wisconsin election results
t3_k4fi5y	"GOP governor sends White House to voicemail, certifies election results"
t3_k4nruh	"‘Plain and simple grift’: Trump has raised $170m since election day. Rob Flaherty, digital director of Joe Biden’s campaign, calls fund ‘plain and simple grift’"
t3_k4tzzk	Secretary Mnuchin takes heat in Senate hearing for winding down emergency lending program
t3_k4ngfx	Canada unveils largest economic relief package since WW2
t3_k4yx5e	"Lincoln Project calls GOP Senate candidate David Perdue ""chicken"" over defensive ""totally exonerated"" campaign ad"
t3_k4l4cp	Trump’s airtime should be limited when necessary journalist says
t3_k4cqjp	"QAnon sympathizer elected to Congress failed to disclose fundraising ties to Sen. Ted Cruz, FEC says"
t3_k4reut	Trump suggests Georgia governor could 'call off' Senate runoff races
t3_k4w78u	"Trump’s ‘Save America’ PAC Could Pay For Big Macs, Hush Money … Pretty Much Anything"
t3_k4zig3	Warren Presses Biden to Enact 'Effective Economic Stimulus' With Single Pen Stroke: Cancel Student Debt
t3_k4nspi	Georgia's lieutenant governor joins state GOP officials in rejecting Trump's 'misinformation'
t3_k4yz38	Burnett: Barr is leaving Trump on island of his most die hard sycophants
t3_k4psea	"Trump’s campaign ends as his first one began, surrounded by outcasts and cranks"
t3_k4ynnv	"Rudy Giuliani, who has not been charged with a crime, discussed preemptive pardon with Trump: report. While Giuliani's specific legal exposure is unknown, he is a subject in at least two recent federal investigations"
t3_k4vdms	Senator Schumer Suggests AG Barr Could Be Fired Over No Voter Fraud Claim
t3_k4z1fa	Schumer: Barr likely ‘to be fired’ after disputing Trump’s voter fraud claims
t3_k4yo0t	'It has to stop': Georgia official calls on Trump to 'stop inspiring' death threats over election
t3_k4s09s	Cuomo looking to close ‘loophole’ allowing bad cops to keep police credentials
t3_k4yyg1	Awkward moment Arizona governor ignored call from White House as he certified election results
t3_k50036	Georgia Republican warns Trump is inciting violence over election: 'Someone will get hurt'
t3_k4vny2	Giuliani Raises Risk Of Disclosing Bad Acts With Pardon Discussion
t3_k4bh3o	"'Good Riddance': Progressives Welcome Ajit Pai's Departure From FCC as Great News — The current chair, said one critic, ""will go down in history as one of the most corrupt government officials of the century."""
t3_k4ijfx	Fired Official Says Correcting Trump's Fraud Claims The 'Right Thing To Do'
t3_k4zvg5	Judge throws out Trump rules limiting skilled-worker visas
t3_k4woof	Georgia Elections Official Begs Trump to ‘Stop Inspiring People to Commit Potential Acts of Violence’
t3_k4z4tc	25 former D.C. Bar presidents: Lawyers should not be complicit in Trump’s attack on democracy
t3_k4j7fc	Sean Hannity says Trump should pardon himself and his family to avoid a ‘witch hunt.’ Experts say it’s not that simple.
t3_k4za0j	"This has to stop’: Georgia official calls out Trump, U.S. senators over threats to election workers"
t3_k4nvgk	States With Few Coronavirus Restrictions Are Spreading the Virus Beyond Their Borders
t3_k4v5zk	Trump urges Georgia governor to ‘call off election’ as GOP frets about Senate runoffs
t3_k4t7bi	Trump Is Rapidly Becoming Irrelevant
t3_k4znb5	Alleged hate groups get tax breaks as registered charities
t3_k4qlgt	Legal Experts Blast Trump Lawyer For Saying Krebs Should Be ‘Taken Out And Shot’
t3_k4uzdb	BBC News: US attorney general finds 'no voter fraud that could overturn election'
t3_k4zm6n	"Trump has discussed possible pardons for three eldest children, Kushner: report"
t3_k4vzsk	"CDC panel says health workers, nursing homes will get Covid vaccine first"
t3_k4t7oq	"More Than 1,500 People Are Incarcerated on 'Jim Crow Jury' Decisions. The Supreme Court Could Give Them Another Chance. | 80 percent of those convicted by ""Jim Crow Juries"" in Louisiana were Black."
t3_k4xj0o	"‘Someone’s Going to Get Killed’: Georgia Election Official’s Emotional Plea to Trump, Loeffler, Perdue"
t3_k4vl7v	Atlas departure from White House cheered by public health officials
t3_k50c34	The Guy Appointed to Investigate the Russia Investigation Isn't Even Eligible for the Job Attorney: General Bill Barr appears to have broken Justice Department rules by appointing John Durham special counsel.
t3_k4otyy	Hannity says Trump should pardon himself and his family – but former White House lawyer insists that’s impossible | There is no legal basis for a president pre-emptively pardoning themselves or their relatives
t3_k4w81k	AOC raises $200K to fight food and housing insecurity during video game battle
t3_k4zw4v	Mitt Romney Sums Up Need For COVID-19 Relief: 'This Is A Crisis'
t3_k4urka	Democrats Are Already Looking Ahead to 2022 Midterms
t3_k4sn3e	Biden Calls on Congress to Pass ‘Robust’ Stimulus Package
t3_k4vloe	"For Years, Republicans Ignored Donald Trump’s Tweets. Now They’re Using Twitter as an Excuse to Attack Biden’s Budget Chief Pick"
t3_k4qa8j	Donald Trump's refusal to accept defeat fuels violent threats on social media
t3_k4uuxn	Jake Tapper to interview Joe Biden and Kamala Harris in first joint interview since winning election
t3_k4xwaz	"Is Trump Going to Preemptively Pardon His Entire Family, Just in Case? | As long as Trump’s just giving them out, Rudy Giuliani would also like one."
t3_k4qitv	They Are What They Say They Hate
t3_k4zbj3	"Trump’s virus czar resigned, drawing cheers from health officials who say his ideas are dangerous."
t3_k4vkhd	Ambulance companies at 'a breaking point' after receiving little Covid aid
t3_k4y3xp	GOP Election Official Warns Trump to Stop the Attacks or 'Someone’s Going to Get Killed'
t3_k49c1m	Millionaire Kelly Loeffler mocked for ad claiming she knows what it ‘feels like waiting on that paycheck’
t3_k4a1k1	"Georgia reports more than 940,000 absentee ballot requests for Senate runoff"
t3_k4nf0b	NYT: Giuliani Discussed ‘Pre-emptive Pardon’ With Trump
t3_k4yuf4	"Trump to restart foreign deals, breaking a post-presidency norm - A return to overseas dealmaking raises new ethical issues no ex-president has ever confronted. Trump’s sprawling global company is private and increasingly reliant on foreign lenders."
t3_k4uyhe	Time to tell Florida's COVID-reckless governor that the election - and the war on science - is over
t3_k4zn7f	A Top Georgia Election Official Angrily Urged Trump To Condemn Supporters Who Are Threatening Election Workers
t3_k4p6jv	Why Joe Biden Can Stop Worrying and Start Spending Like Crazy - The country is in desperate need of a massive economic recovery program. The incoming administration shouldn’t hold back.
t3_k4icdp	"Trump Tells Pompeo: Go Wild on Iran, Just Don’t Risk ‘World War III’"
t3_k4mtrr	Georgia Republicans beg Trump to release them from his prison of lies
t3_k4lf9x	Arizona Governor Ducey appears to ignore call from Trump or Pence while certifying election results
t3_k4jluy	"We will finally get Trump out of the White House, but how do we get him out of our faces?"
t3_k4crmc	Biden Covid advisor on Dr. Atlas resignation: 'I am relieved' because he wasn’t qualified
t3_k4skgg	Trump is an expert in making money off losing. Now he’s doing it again.
t3_k4muk7	Bipartisan Senate group introduces $900-billion coronavirus relief plan
t3_k4jydi	Trump’s legacy is the plague of extreme lies. Truth-based media is the vaccine
t3_k4vw65	Barr breaks with Trump on claims of fraud
t3_k4p6n1	The media are handing off their platforms to Republican propagandists — yet again
t3_k4visy	"Biden’s COVID Team Sounds the Alarm Over Trump’s Vaccine Distribution Plan — The president has checked out on the pandemic, aides say. And now, the team coming in says they fear basic questions are not being answered."
t3_k49pla	‘Is he just coming to bring Covid’: Democrat Georgia candidate launches blistering attack on Trump state visit
t3_k50539	Obama joins campaign for Jon Ossoff as parties battle for the Senate control in Georgia runoff
t3_k48iqh	"Proud Boys member threatens armed revolt outside Giuliani meeting: ""Not going to stand back and stand by anymore"""
t3_k4x1jg	These Are The Last Batch Of FBI Memos From The Mueller Probe
t3_k4tebq	"Neal Katyal Argues U.S. Corporations Should Not Be Liable for Using Child Slaves Abroad, But SCOTUS Appears Unconvinced"
t3_k4war3	DeVos knocks free college push as 'socialist takeover of higher education'
t3_k4wrvo	Supreme Court Seems Ready to Limit Human Rights Suits Against Corporations
t3_k4gp63	Lincoln Project calls for revenge on ‘grubby sellouts’ who backed Trump
t3_k4nhk7	Fired cybersecurity chief hints at legal action after Trump campaign lawyer said he should be executed
t3_k4w0ce	Bill Barr Has One Foot Off the Boat
t3_k4x4vy	"Justice Department investigating potential presidential pardon bribery scheme, court records reveal"
t3_k4ovao	Americans flocking to Canada in record numbers amid turmoil in United States
t3_k4x5re	The Supreme Court Wants to Revive a Doctrine That Would Paralyze Biden’s Administration
t3_k4nz4x	Major U.S. Corporations Oppose Bill Banning Goods Produced by Forced Labor in China
t3_k4lplm	"A Post-Election Trump Firing Makes the Case for an Independent, Regulatory CISA"
t3_k4yn00	‘It Has All Gone Too Far’: Georgia Election Official Lashes Trump
t3_k4z4wi	"The Trump campaign's new lawsuit would invalidate 221,000 Wisconsin ballots — including votes cast by mail because of the coronavirus pandemic"
t3_k4xvo7	Rep. Mike Kelly asks Supreme Court to nullify Biden win over Trump in Pennsylvania as he challenges mail-in ballot rule
t3_k4ywp9	Georgia election official pleads with Trump and Republicans to 'stop inciting acts of violence'
t3_k4po9e	Giuliani denies report that he discussed pardon with Trump Giuliani was reportedly under investigation by federal prosecutors for his dealings in Ukraine on behalf of Trump’s political interests.
t3_k4k6te	"As Trump and Barr ramp up executions, Biden must rally America to end the death penalty"
t3_k4r1bp	Judge: ‘Precious little proof’ in Georgia election fraud suit
t3_k4sd7o	"Crystal Mason, jailed for illegal voting conviction after casting provisional ballot, seeks to have conviction overturned"
t3_k4a14m	Trump Lawyer Joe diGenova Says Former Cybersecurity Chief Chris Krebs Should Be Executed for Saying Election Was Secure
t3_k4n8ia	Election lawsuit cites fraud in Michigan county that does not exist
t3_k4dmuc	"Trump lawyer calls for ousted cybersecurity chief to be ""taken out at dawn and shot"""
t3_k4y187	Georgia Official Warns of Trump’s Election Fraud Claims: ‘Someone’s Gonna Get Killed’
t3_k4xfsg	"Michigan lawmakers hear lots of theories, no proof, in election fraud probe"
t3_k4vn7s	North Carolina GOP congressman tests positive for COVID-19
t3_k4y3f4	Department of Education Finally Starts Processing COVID-Related Discrimination Cases 9 Months Into Pandemic
t3_k4i17y	Both Republican candidates in Georgia runoffs face questions about stock trades
t3_k4r0al	Georgia’s Lt. Governor Doesn’t Seem Eager For Trump To Visit This Weekend
t3_k4lgi9	Former US election security chief reacts to comment that he should be ‘shot’
t3_k4zb5e	Trump has raised $170 million since Election Day.
t3_k46s2b	Wisconsin formally declares Biden won election following recount
t3_k4qfc5	Six Stupid Arguments Against Forgiving Student Loan Debt: Analyzing the reasons not to cancel student debt only strengthens the case to do so.
t3_k50b0h	Tiger King's attorney believes they're close to getting pardon from Trump
t3_k4twbo	"Andrew Yang, said to be considering mayoral bid, tested in new online poll"