t3_k43sa6	Arizona certifies Biden as winner over Trump team’s objections
t3_k3vkvs	Media Say Biden’s Female-Led Comms Team Is A First. It’s What Trump Has Now
t3_k47gtt	Wisconsin Becomes Last Contested State to Confirm Biden Won
t3_k3t289	Trump: 'We Don't Have Freedom of the Press in This Country -- We Have Suppression by the Press'
t3_k3y7zq	"""They’ll freeze them out"": Democrats fear Senate Republicans will block Biden’s judges"
t3_k3xxlv	Neera Tanden Deletes 1100 Tweets Criticizing GOP Leaders In Anticipation Of Tight Confirmation Battle -- Biden’s pick for Director of the OMB is frantically deleting old tweets ahead of a close confirmation vote requiring GOP senators’ support.
t3_k3yzgu	Pennsylvania Bombshell: Biden 99.4% vs. Trump 0.6%
t3_k44jz0	Joe Biden Reportedly Working With Teachers Union That Opposes Charter Schools
t3_k3tinh	Obama Scolds Hispanic Trump Voters for Not Buying Liberal Lies
t3_k3m2o9	Trump tells Biden to 'get well soon' after he fractured his ankle while playing with his German Shepherd Major and his doctor revealed he would need a walking boot for several weeks
t3_k3zdri	Lt. Gen. Michael Flynn: 'I Don't Believe the Country Will Accept Vice President Biden as the Next President'
t3_k46mmp	Never Trumper Rick Wilson demands humiliation, incarceration for top Republicans who backed Trump
t3_k3zexv	National Review is done with “Trump’s Disgraceful Endgame”
t3_k3wsh3	Why Millions Don't Believe Trump Lost
t3_k49jq3	MSNBC viewers lash out at Andrea Mitchell and demand she retire over comments​ critical of Joe Biden
t3_k48ql0	Biden All-Female Communications Team Won't Tell Nation What's Wrong, Nation Should Already Know
t3_k3z9v1	Kemp to Trump: Georgia law blocks him from ‘interfering’ with elections
t3_k47rrl	Trump supporter who gave $2.5m to fight election fraud wants money back
t3_k3t9yz	Biden Breaks Foot Playing with Dog Needs to Wear Walking Boot Trump Sends Message ’Get Well Soon!’
t3_k44e44	Biden Acolytes Are Abuzz Over 'First All-Woman WH Comms Team,' They Forgot to Check in With Who's There Now
t3_k495jv	Resurfaced photo shows Biden press sec Jen Psaki wearing hammer and sickle hat with Russian official
t3_k48aa6	Gerard Baker: Media Treat Trump’s Team Like Dogs, Biden’s Like Puppies
t3_k3zgid	Republican Senate Staff Say One Biden Cabinet Pick Has 'Zero Chance' at Confirmation: Neera Tanden -- 'has an endless stream of disparaging comments about the Republican Senators whose votes she’ll need'
t3_k48y91	Dr. Scott Atlas resigns as special adviser to Trump on coronavirus
t3_k3y97p	"Cornyn spokesman: Biden's pick for OMB ""stands zero chance of being confirmed"""
t3_k4ans8	Wisconsin Confirms Joe Biden as Winner Following Recount
t3_k3vioi	Trump’s Michael Flynn Pardon Is Only The Beginning Of The Justice This Nation Deserves -- The corporate media has refused to tell Americans the truth, so I will. Here are six key aspects of the case that expose the Obama-Biden administration's travesty of justice.
t3_k3lel5	Professional Asshole Keith Olbermann: Prosecute Trump, Family, Supporters, Everyone
t3_k44lvd	Trump’s NATO Ambassador Calls Biden President-Elect, Vows ‘Seamless’ Transition
t3_k3aa7g	'LYING FOR DEMOCRATS' Candace Owens wins challenge against ‘communist’ Facebook fact-checker Politifact over Biden post false rating
t3_k3hvde	Trump: Fox News 'Virtually Unwatchable'
t3_k40ar1	On Meet The Press Chuck Todd and Eric Dyson Insipidly Declare Trump Contesting Election Results is a Racist Dog Whistle
t3_k3lfcm	Biden’s Injury From Falling While Playing With Dog More Serious Than Initially Thought
t3_k3lpb3	Trump on Election Fraud: The DOJ and FBI Are 'Missing in Action'
t3_k3zcmo	BREAKING: Biden Announces 6 New Major Picks For His Economic Team
t3_k3cu2a	Trump Expresses Doubt on Whether Supreme Court Will Hear Election Cases
t3_k3nbdh	Study: Media’s Suppression of 8 Issues Likely Swung Election to Biden
t3_k3z90v	Trump presses 'hapless' Georgia governor to overrule secretary of state on signature matching
t3_k3fsn9	Trump: ‘They used COVID as a means to stuff the ballot boxes’
t3_k47whj	Biden’s Pick For Homeland Security Chief ‘Exerted Improper Influence’ In Visa Program For Rich Foreign Investors
t3_k3v1yi	Legitimacy of Biden Win Buried by Objective Data | The American Spectator | USA News and PoliticsThe American Spectator | USA News and Politics
t3_k3eevo	Trump Makes His Post-Election Move, Purges Pentagon's Outside Advisory Board, Kissinger and Albright Get the Boot
t3_k3a5kw	Pennsylvania Bombshell: Biden 99.4% vs. Trump 0.6%
t3_k39tlx	Data expert: Vote tabulation feeds in PA, GA show 'anomalies' suggesting Trump missing votes
t3_k39e0u	Jon Voight Warns 'We Are in Great Danger if We Fall Under a Biden Administration'
t3_k3lwp9	Biden’s Injury From Falling While Playing With Dog More Serious Than Initially Thought
t3_k3k0gm	Biden Announces All-Female Senior WH Press Team
t3_k2ydmj	Supreme Court agrees to hear Trump’s plan to remove non-citizens from census
t3_k2vlb2	Ohio certifies Presidential election results, Trump wins OH
t3_k37n9a	Hundreds of BLM Protesters Gather Outside LA Mayor Eric Garcetti’s Home. This is the 5th straight day protesters have shown up to Garcetti’s home to protest. They say they are here to protest the consideration of Eric Garcetti to the media’s fake president-elect Joe Biden’s so-called “cabinet.”
t3_k46s8y	CNN uses Biden’s foot injury to fawn over transparency of incoming administration
t3_k3b90k	Trump officials claim legacy of 'groundwork' for nuclear breakthrough
t3_k478t8	Melania Trump Stuns With White House Christmas Decorations Yet Again
t3_k39q3u	Joe Biden Cabinet Prioritizes Establishment Experience, Obama Administration Figures
t3_k46e4x	Conservative justices quiz Trump administration on bid to remove illegal immigrants from Census with Amy Coney Barrett saying history 'really cuts against your position'
t3_k44jvi	Jennifer Rubin calls Biden's cabinet picks 'center-right', impressing conservative policy wonks
t3_k32mfc	Pennsylvania Bombshell: Biden 99.4% vs. Trump 0.6% Stunning testimony that the media has dutifully ignored.
t3_k2z1v2	Pennsylvania Supreme Court Tosses Trump Ally Mike Kelly’s Constitutional Challenge to the 2020 Election
t3_k36qda	Biden's Leading CIA Director Pick Backed Torture
t3_k445pf	Media Ignore ‘Devoutly Religious’ Biden’s Embarrassing Bible Gaffe After Freaking Out About Trump’s ‘Two Corinthians’ Remark -- Media blatantly ignores Joe Biden’s Biblical flub that would be non-stop headline fodder if uttered by the current president.
t3_k4770m	Trump: 'We Don't Have Freedom of the Press in This Country -- We Have Suppression by the Press'
t3_k2xj6r	Ohio certifies presidential election results, Trump win
t3_k2zqhw	Trump Officially Wins Ohio As State Certifies Election Results
t3_k3gldo	Trump’s Payroll-Tax Deferral Creates Predicament for Congress
t3_k46kn4	Rudy Giuliani: Trump Team Looking Past Election Lawsuits, Will Lobby State Houses​
t3_k45ywe	UPDATE: Biden ankle injury caused by tripping over a box of ballots in his basement
t3_k45urv	Report Finds Biden’s Campaign Received Six Times More Dark Money Than Trump’s
t3_k459c2	Voters rejected radical Joe Biden and he now has a mandate to work with moderate Republicans
t3_k2rr24	The 'smartest man in the room' has joined Sidney Powell's team -- Navid Keshavarz-Nia, an expert witness, stated under oath that there was massive computer fraud in the 2020 election, all of it intended to secure a victory for Joe Biden.
t3_k2x1bx	Black Lives Matter Leader Says Joe Biden ‘Capitalized On Our Efforts To Defund The Police’
t3_k44ezr	Horowitz: New analysis shows Biden winning nearly impossible margins on mail-in ballots in Pennsylvania
t3_k2twr2	Liberals Heads Explode After CNN Video Surfaces Showing Path for Trump 2020 Win
t3_k45bu2	Horowitz: New analysis shows Biden winning nearly impossible margins on mail-in ballots in Pennsylvania
t3_k449zo	Trump's multiple paths to victory
t3_k3483t	Dr. Navid Keshavarz-Nia: “I conclude with high confidence that the election 2020 data were altered in all battleground states resulting in a hundreds of thousands of votes that were cast for President Trump to be transferred to Vice President Biden.The evidence is overwhelming and incontrovertible.”
t3_k3xywu	Democrats Rejoice After Kamala Harris Finds Special Potion To Cure Biden’s Injured Ankle
t3_k33zq4	Trump Nominates a Top Bank Regulator as Biden Starts Transition
t3_k32nf0	Just like Biden: Chavez was losing on election night...
t3_k33yan	The PA State Legislature Hearing Was a Powerful Moment for the Trump Legal Team
t3_k2nbot	"WATCH: Olbermann says he wants so many Trump allies jailed ""that we have to convert Trump buildings"" into ""Trump prisons"""
t3_k3ua6r	Joe Biden fractures foot after slipping while playing with dog
t3_k3yha6	Giuliani and Powell Could Not Give Evidence of ‘Explosive’ Fraud Claims When Asked by Others on Trump Team: Report
t3_k2mh5u	Democrats are scrambling to explain away the inroads Republicans have made with minorities, as evidenced in the election results. Instead of listening to the concerns of the Black and Hispanic voters who voted for Trump — Democrats are instead blaming them.
t3_k3tovr	Republican Sens. Tom Cotton and John Cornyn slam Biden cabinet picks, suggesting confirmation fight
t3_k2u62j	Trump’s Legal Team to Participate in Public ‘Hearing on Election Integrity’ with Arizona Lawmakers
t3_k419pl	BLOCKED EVERYWHERE: How Trump won the 2020 Election. —— Try copying and pasting the link in FB messenger to a friend and watch it not go through. This is next level censorship on a grand scale and is quite telling!! Try it yourself!
t3_k2q0q7	Pennsylvania Judge Rules 2020 PA Election Likely Unconstitutional – Trump Case “Likely to Succeed”
t3_k30sig	Black Lives Matter Leader Says Joe Biden ‘Capitalized On Our Efforts To Defund The Police’
t3_k3ts3g	Trump Supporters Have A Cross To Bear
t3_k3shne	Crowd gasps after learning a spike of votes in PA had 600k votes for Biden and only 3,200 for Trump
t3_k2x8wf	Judge rules pro-Trump case established a 'likelihood to succeed on the merits' in Pennsylvania
t3_k3rdlh	'Get well soon': Donald Trump's message after Joe Biden fractures his foot while playing with dog
t3_k3pg69	Report: Joe Biden Suffers Injury; Heads to Orthopedist
t3_k2nc9m	UPDATE on Pennsylvania: Judge predicts Trump will win the lawsuit on unconstitutional mail-in ballots
