name	title	coding
t3_k3aa7g	'LYING FOR DEMOCRATS' Candace Owens wins challenge against ‘communist’ Facebook fact-checker Politifact over Biden post false rating	7
t3_k2c7ch	"'Cover Up': Trump Lawyers React After Third Circuit Rejects PA Lawsuit -- ""Charges of unfairness are serious,"" Judge Stephanos Bibas wrote in his 21-page opinion on Friday. ""But calling an election unfair does not make it so."" Jenna Ellis responds: ""On to SCOTUS!"""	2
t3_k3hbyt	11 Trillion Reasons To Fear Joe Biden's Presidency	4
t3_k25sn9	3rd Circuit Court of Appeals Issues Ruling in Trump Campaign v. Pennsylvania	2
t3_k3k85w	A Justified Pardon -- Trump’s pardon of Michael Flynn restores the executive branch’s prosecutorial discretion and ends a case that should never have started.	5
t3_k2o25j	Arizona State Legislature to Hold 'Urgent' Election Integrity Hearing With Trump's Lawyers	2
t3_k29s72	Arizona State Legislature to Hold 'Urgent' Election Integrity Hearing With Trump's Lawyers	2
t3_k36n6f	Beijing Biden to ‘cooperate with China’ and offer ‘more stable approach’ to Trump trade war	3
t3_k3k0gm	Biden Announces All-Female Senior WH Press Team	4
t3_k1qtwn	Biden breaks Obama’s record for lowest number of counties won	4
t3_k2h0h9	Biden netted 132 extra votes after Milwaukee County recount	2
t3_k3kbdw	Biden news coverage goes to the dogs — media lap up word of pets returning to White House	4
t3_k3aoih	"Biden promise to follow the science is 'noble,' but it must be THE science"	4
t3_k2qwef	Biden To ‘De-Emphasize The Military As An Instrument Of National Power’: Report	4
t3_k36qda	Biden's Leading CIA Director Pick Backed Torture	4
t3_k2rfra	Biden’s ‘Climate Czar’ Makes Shocking Comments About the Anti-Capitalism Great Reset: ‘It Will Happen’	4
t3_k3lfcm	Biden’s Injury From Falling While Playing With Dog More Serious Than Initially Thought	4
t3_k3lwp9	Biden’s Injury From Falling While Playing With Dog More Serious Than Initially Thought	4
t3_k2x1bx	Black Lives Matter Leader Says Joe Biden ‘Capitalized On Our Efforts To Defund The Police’	6
t3_k30sig	Black Lives Matter Leader Says Joe Biden ‘Capitalized On Our Efforts To Defund The Police’	6
t3_k27ftu	"Chinese State Media Feels Biden's Personnel Picks 'Good For China,' 'Softer' Than Trump"	3
t3_k26yxj	Court Denies Trump Campaign’s Appeal of Pennsylvania Ballot Challenge	5
t3_k33yov	"Dark Money, Assailed by Dems, Aided Biden: Analysis"	4
t3_k39tlx	"Data expert: Vote tabulation feeds in PA, GA show 'anomalies' suggesting Trump missing votes"	2
t3_k2mh5u	"Democrats are scrambling to explain away the inroads Republicans have made with minorities, as evidenced in the election results. Instead of listening to the concerns of the Black and Hispanic voters who voted for Trump — Democrats are instead blaming them."	6
t3_k22itk	"Democrats Want Unity Only on Their Terms -- Many Trump haters have been lying all along about President Donald Trump, what he stands for, what his record has been, and who his supporters are. Now they tell us they want unity."	5
t3_k2465g	"Despite push from progressives, Biden unlikely to offer Sanders and Warren jobs"	4
t3_k2ar2b	"Donald Trump Calls for Section 230 Repeal as Parler CEO Says Facebook, Twitter 'Not Neutral Actors'"	5
t3_k30gtc	"Donald Trump gave the first speech of his first (brief) presidential campaign on November 15, 1999. Its subject; isolating and toppling Cuba's communist regime"	5
t3_k2f5xr	Donald Trump Urges Georgia Supporters to Vote for Kelly Loeffler and David Perdue in Senate Runoffs	5
t3_k22lf5	"Donald Trump: 'Facts Are on Our Side' in Election Fight, but 'Time Isn't'"	5
t3_k2wwil	Donor sues pro-Trump group for $2.5M over 'empty promises' on voter fraud	5
t3_k3483t	Dr. Navid Keshavarz-Nia: “I conclude with high confidence that the election 2020 data were altered in all battleground states resulting in a hundreds of thousands of votes that were cast for President Trump to be transferred to Vice President Biden.The evidence is overwhelming and incontrovertible.”	2
t3_k3h40d	Five Videos – Five States Where Votes Were Switched Live on TV Away from President Trump to Biden -	2
t3_k34w5k	How Biden Plans on Rewarding Cindy McCain for Her Endorsement	4
t3_k37n9a	Hundreds of BLM Protesters Gather Outside LA Mayor Eric Garcetti’s Home. This is the 5th straight day protesters have shown up to Garcetti’s home to protest. They say they are here to protest the consideration of Eric Garcetti to the media’s fake president-elect Joe Biden’s so-called “cabinet.”	6
t3_k3fwuh	"If the FBI and DOJ are involved, this might explain why it's so hard for Trump to get evidence of the massive Biden voter fraud in time for the courts"	5
t3_k2oj48	Jenna Ellis to Newsmax TV: Trump Team Heads to Arizona Legislature Next	5
t3_k2mps5	Joe Biden 'offers John McCain's widow Cindy McCain the job of UK ambassador' after she campaigned for him and 'delivered Arizona' for the Democrats in surprise victory	3
t3_k39q3u	"Joe Biden Cabinet Prioritizes Establishment Experience, Obama Administration Figures"	4
t3_k3erbc	Joe Biden Gun Control Proposal Could Bankrupt Firearms Industry	4
t3_k3cb2s	Joe Biden Has Been Living In Fear Of COVID Because Of Possible Loss of Smell	1
t3_k3iw5f	"Joe Biden Twists Ankle While Playing With Dog, Reports Say"	4
t3_k2uy7v	Joe Biden Video Censored by Facebook Fact Checker	4
t3_k39e0u	Jon Voight Warns 'We Are in Great Danger if We Fall Under a Biden Administration'	7
t3_k2x8wf	Judge rules pro-Trump case established a 'likelihood to succeed on the merits' in Pennsylvania	2
t3_k32nf0	Just like Biden: Chavez was losing on election night...	7
t3_k24c2e	"Keith Olbermann: We’d Like Prisons To Be Filled up with Trumps, Trump Flunkies, and Trump Apologists: AIR.TV"	7
t3_k2h6bv	Lee Smith: Trump Closes a Dark Chapter for General Flynn	5
t3_k2twr2	Liberals Heads Explode After CNN Video Surfaces Showing Path for Trump 2020 Win	2
t3_k2cxxq	Milwaukee County presidential recount wraps up with Biden adding to his margin over Trump	2
t3_k2f7n6	"Mossad Whacks Top Iranian Nuclear Scientist, Joe Biden's Ability to Suck Up To Iran Hardest Hit"	3
t3_k2gt0o	Obama: Republicans portraying white men as 'victims' helped Trump win votes | Barack Obama | The Guardian	6
t3_k2xj6r	"Ohio certifies presidential election results, Trump win"	2
t3_k2vlb2	"Ohio certifies Presidential election results, Trump wins OH"	2
t3_k2xa2d	PBS's Yamiche Alcindor Hails Biden Cabinet As the Avengers ‘Saving Us All'	7
t3_k3a5kw	Pennsylvania Bombshell: Biden 99.4% vs. Trump 0.6%	2
t3_k32mfc	Pennsylvania Bombshell: Biden 99.4% vs. Trump 0.6% Stunning testimony that the media has dutifully ignored.	2
t3_k2q0q7	Pennsylvania Judge Rules 2020 PA Election Likely Unconstitutional – Trump Case “Likely to Succeed”	2
t3_k2f06l	Pennsylvania ruling sets up Trump appeal to Supreme Court	2
t3_k2z1v2	Pennsylvania Supreme Court Tosses Trump Ally Mike Kelly’s Constitutional Challenge to the 2020 Election	2
t3_k3hft4	President Trump ‘not going to change mind’ on election fraud	2
t3_k2vixo	President Trump paid $3M in Wisconsin recount only for Biden to gain 132 votes	2
t3_k246k2	"President Trump says he'll 'certainly' leave office if he loses Electoral College vote, but vows legal fight is 'far from over'"	5
t3_k2797i	President Trump the First Since Carter Not to Get U.S. Involved in New Wars	5
t3_k3hkk3	President-elect Joe Biden twisted ankle while playing with dog Major	4
t3_k3lel5	"Professional Asshole Keith Olbermann: Prosecute Trump, Family, Supporters, Everyone"	5
t3_k3jiyz	Report: Trump considers launching 2024 campaign during Joe Biden's inauguration	5
t3_k3avhg	"Rudy Giuliani: Trump Team Looking Past Election Lawsuits, Will Lobby State Houses​"	2
t3_k2c4x6	Sidney Powell Witness Whom NY Times Described as “Always the Smartest Person in the Room” Concludes Hundreds of Thousands of Votes Transferred from Trump to Biden IN ALL BATTLEGROUND STATES	2
t3_k2ydmj	Supreme Court agrees to hear Trump’s plan to remove non-citizens from census	5
t3_k2rr24	"The 'smartest man in the room' has joined Sidney Powell's team -- Navid Keshavarz-Nia, an expert witness, stated under oath that there was massive computer fraud in the 2020 election, all of it intended to secure a victory for Joe Biden."	2
t3_k2domm	"The 4 Year Campaign Against Trump (and they want him to concede to be a ""good sport"")"	5
t3_k33yan	The PA State Legislature Hearing Was a Powerful Moment for the Trump Legal Team	2
t3_k3bs3y	The Taliban Crime Syndicate Waits Out Trump	7
t3_k26yrk	"To Save Time, The Babylon Bee Will Now Just Republish Everything Biden Says Verbatim"	4
t3_k2f3b1	Trump campaign vows to appeal Pennsylvania case to Supreme Court	2
t3_k3cu2a	Trump Expresses Doubt on Whether Supreme Court Will Hear Election Cases	5
t3_k3eevo	"Trump Makes His Post-Election Move, Purges Pentagon's Outside Advisory Board, Kissinger and Albright Get the Boot"	5
t3_k33zq4	Trump Nominates a Top Bank Regulator as Biden Starts Transition	5
t3_k2zqhw	Trump Officially Wins Ohio As State Certifies Election Results	2
t3_k3b90k	Trump officials claim legacy of 'groundwork' for nuclear breakthrough	5
t3_k3lpb3	Trump on Election Fraud: The DOJ and FBI Are 'Missing in Action'	2
t3_k3fmtl	Trump Reportedly Planning To Announce 2024 Run -- During Biden's Inauguration	5
t3_k3ka2f	Trump Reportedly Planning To Announce 2024 Run — During Biden's Inauguration	5
t3_k24m97	Trump says Biden can only enter the White House as president if he can 'prove' his 'ridiculous 80M votes' were NOT 'obtained by fraud' as he appears to row back peaceful transition claims	2
t3_k2bvqq	"Trump Slams Twitter For ‘Conservative Discrimination,’ Calls For Repeal Of Section 230"	5
t3_k28gxe	"Trump team removes members of Pentagon's Defense Policy Board, including Kissinger, Albright"	5
t3_k2nky3	"Trump unloads on Georgia Sec of State, calls him ‘enemy of the people’ over lack of transparency"	5
t3_k3fsn9	Trump: ‘They used COVID as a means to stuff the ballot boxes’	1
t3_k3hvde	Trump: Fox News 'Virtually Unwatchable'	5
t3_k2u62j	Trump’s Legal Team to Participate in Public ‘Hearing on Election Integrity’ with Arizona Lawmakers	5
t3_k3gldo	Trump’s Payroll-Tax Deferral Creates Predicament for Congress	5
t3_k2nc9m	UPDATE on Pennsylvania: Judge predicts Trump will win the lawsuit on unconstitutional mail-in ballots	2
t3_k2nbot	"WATCH: Olbermann says he wants so many Trump allies jailed ""that we have to convert Trump buildings"" into ""Trump prisons"""	5
t3_k3evv3	Retired Admiral Says He's 'Very Concerned' About Trump Loyalists at Pentagon During Biden Transition	4
t3_k392f3	'He understands Washington': Joe Scarborough finds echoes of Truman in Biden	5
t3_k35o1g	"'They’re trying to take our votes away': Trump's effort would throw out ballots from 238,000 Wisconsin voters"	2
t3_k3kfa9	'This is propaganda': Fox News' Maria Bartiromo slammed for 'softball' Trump interview	5
t3_k2y6nr	"'Voters, Not Lawyers, Choose The President': Trump Team Dealt Another Blow In Court"	5
t3_k3dkke	"‘My mind will not change in six months’: In first post-election TV interview, Trump renews baseless claims of voter fraud"	5
t3_k3gzle	‘My mind will not change in six months’: Trump says he will not accept defeat whatever happens	5
t3_k3f49w	“Mad King” Trump’s Post-Election Spiral Was Even More Deranged Behind Closed Doors	5
t3_k2zui0	20 days of fantasy and failure: Inside Trump’s quest to overturn the election	5
t3_k3ecjz	Advocates Push For Resurrection Of DoJ Civil Rights Division Under Biden	4
t3_k38sk7	America’s stance on human rights has a global impact – Biden must restore credibility	3
t3_k2rbd5	AP Fact Check: Trump distorts military role in vaccines	5
t3_k2yr2m	"As Georgia Republicans aim to unite, Trump’s ‘rigged’ claims drive a wedge"	2
t3_k3lqst	"As Trump raves, Biden appoints more women to major White House roles"	4
t3_k2z4mz	"Attention Starved Trump May Start 2024 Campaign During Biden's Inauguration, Report Says"	5
t3_k3d06y	Bernie Sanders says GOP ‘has ceased to be a political party’ and is now a ‘cult’ in fiery rebuke of Trump fraud claims	7
t3_k3fk4j	Beware going 'back to normal' thoughts – normal gave us Trump	7
t3_k38l6p	Beware going 'back to normal' thoughts – normal gave us Trump	7
t3_k3d824	Biden administration prepares to inherit controversial Trump immigration policies	3
t3_k3izhw	Biden and Harris announce all-female communications team	4
t3_k3jloc	Biden announces all-female senior White House communications team	4
t3_k3j39f	Biden announces all-female White House communications team	4
t3_k3gb1n	Biden can begin quickly reversing Trump’s damaging impact on LGBTQ rights — with or without Congress	6
t3_k3jrbe	Biden chooses an all-female senior White House press team	4
t3_k2s4iu	Biden gets boost from Wisconsin recount that cost Trump $3M	2
t3_k3hwyy	Biden Has New Progressive Education Rhetoric — But Policy Will Be the Test	4
t3_k3i7pn	Biden hires all-female senior communications team	4
t3_k382rc	Biden Must Stand Up to China on Human Rights	3
t3_k3itl5	Biden names Jen Psaki as White House press secretary as part of all female communications team	4
t3_k3j8m1	Biden names Jen Psaki White House press secretary along with an all-female senior communications staff	4
t3_k2pxtv	Biden Needs To Report Trump’s Wreckage in Executive Branch as Markers - They must not let the Trumpster outlaws escape and become immune fugitives from justice	7
t3_k2dgn2	Biden netted 132 extra votes after Milwaukee County recount	2
t3_k3khvs	Biden picks all women to lead the White House communications team	4
t3_k3iwlp	Biden picks top campaign aides in key communications roles	4
t3_k2z6n0	Biden plans swift moves to protect and advance LGBTQ rights	6
t3_k2qkku	Biden plans swift moves to protect and advance LGBTQ rights	6
t3_k2pbnt	Biden plans swift moves to protect and advance LGBTQ rights	6
t3_k2s1xt	Biden Sees Lead Increase in Milwaukee County After Trump Pays for Vote Recount	2
t3_k3ilhh	Biden taps Obama's former communications director for press secretary	4
t3_k3hpa5	Biden to be examined by doctor after twisting ankle	4
t3_k3ikyw	Biden to be examined by orthopedist after twisting ankle	4
t3_k3iqlo	"Biden to name economic team this week, with three women in top roles to help build recovery"	4
t3_k3j031	"Biden To Name Tanden as Budget Chief, Rouse to Economic Council"	4
t3_k3it2o	"Biden to nominate Neera Tanden, Cecilia Rouse to economic team: WSJ"	4
t3_k3ifqq	"Biden to nominate Tanden, Rouse to economic team: WSJ"	4
t3_k3lze2	Biden to receive first presidential intelligence briefing on Monday	4
t3_k2wiaz	Biden transition adds new members to coronavirus task force	1
t3_k3jfse	"Biden twists ankle while playing with dog, visits a doctor"	4
t3_k2vo96	"Biden will leave decision about who gets the coronavirus vaccine first up to public health experts and scientists, his COVID-19 advisor says"	1
t3_k3m243	Biden will likely require walking boot for several weeks after fracturing foot	4
t3_k2zlxv	Biden-Harris Transition Announces COVID-19 Advisory Board Members	1
t3_k2qja6	Biden's climate plans can cut emissions and also be good politics	4
t3_k3iv9k	Biden's goals likely exceed America's state pre-Trump Reich says	4
t3_k3eytg	"Biden's lead in Dane County, Wisconsin, narrows by just 45 votes after recount"	2
t3_k2yxga	Biden's lead increases in Wisconsin's largest county after recount demanded by Trump campaign	2
t3_k2x7q2	Biden's national coronavirus strategy is starting to take shape - and it's very different than Trump's	1
t3_k2zfc8	"Biden’s Covid-19 Mission — As Donald Trump continues to find new ways to make things worse, Joe Biden is preparing to take immediate action on an escalating crisis."	1
t3_k3cvaf	Blunt deflects on calling Biden 'president-elect'	7
t3_k3bk8l	"Can Boris Johnson and Joe Biden Find Happiness? Leaving aside Johnson’s “Kenya” dis of Obama, the British Prime Minister is at odds with the President-elect over Brexit and the Irish border. Can the US-UK “Special Relationship”be saved?"	3
t3_k2z1am	Canada blocks bulk exports of some prescription drugs in response to Trump import plan	3
t3_k3bhry	Canada blocks some bulk prescription drug exports to U.S. to prevent shortages | Trump touted drug imports from Canada as a way to lower costs for Americans	3
t3_k3fy4g	Canada moves to limit prescription drug exports after Trump order	3
t3_k319q2	Cindy McCain Is Reportedly Biden's Top Pick To Be Ambassador To The U.K.	3
t3_k3e5z7	Completed Wisconsin Recount Confirms Biden's Win Over Trump	2
t3_k3ecom	Completed Wisconsin recount confirms Biden’s win over Trump	2
t3_k3dnc6	Congress can wait: How Biden can reshape our future with executive action	4
t3_k39g8h	COVID-19 and Psychiatry: an Open Letter to President-Elect Biden	1
t3_k3cdu8	"Dane County completes presidential election recount: 91 vote reduction for Biden, 46 vote reduction for Trump | Local News"	2
t3_k3dnz2	Delusional Trump Says He’ll Waste ‘125%’ Of His Energy Into Already Low Energy Election Lawsuits	5
t3_k2xjqa	Did American Democracy Really Hold? Maybe Not. Donald Trump didn’t manage to overthrow the electoral system. But he’s drawn a clear road map for breaking it.	7
t3_k3m24h	Doctor says Biden fractured foot while playing with his dog	4
t3_k3lzws	Doctor says Biden fractured foot while playing with his dog	4
t3_k3l9pr	Doctor says Biden fractured foot while playing with his dog	4
t3_k3lai4	Doctor says Biden sprained a foot while playing with his dog	5
t3_k38s2v	Dogs and cats living together: Joe Biden says feline will join White House pets	4
t3_k3gpvf	Donald Trump refuses to concede in first post-election TV appearance	5
t3_k377x0	"Donald Trump, wounded wasp"	5
t3_k30k0w	"Donald Trump's biographer says he ""cannot even succeed at being a loser"""	5
t3_k2uvw9	Editorial: Why President Trump's pardon of Michael Flynn is even dirtier than the rest	5
t3_k2e4so	Electoral college to vote December 14th with or without President Trump’s concession	5
t3_k3dk30	Elissa Slotkin mentioned in report as possible CIA director for Biden	4
t3_k2oc61	Eric Trump's Latest Attempt To Spread Disinformation Backfires Like All The Rest	2
t3_k3gjgq	EU proposes new post-Trump alliance with U.S. in face of China threat: FT	3
t3_k3kaq9	Every Senior Member Of The Biden-Harris Communications Team Will Be A Woman	4
t3_k3du0g	"Fauci says he lacks power to get Trump to discourage holiday travel, warns of surge upon COVID surge"	1
t3_k2vfky	Federal appeals court rejects a Trump election lawsuit: “Calling an election unfair does not make it so” : The Trump campaign can’t stop losing election lawsuits.	2
t3_k2ztir	"For Trump advocate Sidney Powell, a playbook steeped in conspiracy theories"	2
t3_k37wn6	"Forget about ""moving on"" from Trump — the nation can't heal without accountability"	5
t3_k2nq45	Former security officials warn Donald Trump won't keep state secrets	5
t3_k3lkkn	Fox News Host Pulls Apart Election Lies Trump Spouted On Network Hours Earlier	5
t3_k3hxsq	Fox News Host Shreds Election Fraud Claims Trump Made on Network Hours Earlier	5
t3_k3fsab	Fox News Lets Trump Spew Lies Unchecked In First Interview Since Election Day	5
t3_k3e5ct	Fox News' Maria Bartiromo gave Trump his first TV interview since the election. It was filled with lies	5
t3_k3jmhf	"From Terre Haute to Tehran to your grandma, Trumpism is revealed as a death cult in the end."	5
t3_k2rosx	Georgia Secretary of State's Message to Trump After State's Election Recount: 'You Should Leave Quietly'	5
t3_k3i5p9	Giuliani and Powell Could Not Give Evidence of ‘Explosive’ Fraud Claims When Asked by Others on Trump Team: Report	2
t3_k2yhfy	GOP congressman calls party's refusal to acknowledge Biden's win a 'massive grift' and says Trump 'forgot he was serving people and not himself'	5
t3_k2zswu	"GOP Lawmaker Slams Republican Trump Loyalists, Calls MAGA Base 'Anti-American,' Says He's 'Damn Sick of It'"	5
t3_k2zswu	"GOP Lawmaker Slams Republican Trump Loyalists, Calls MAGA Base 'Anti-American,' Says He's 'Damn Sick of It'"	5
t3_k3ia5q	GOP Sen Refuses To Refer To Biden As POTUS-Elect Even After Trump Lawsuits Fizzle	5
t3_k2xu2z	Harris Scoffs at the Idea of a Rematch Against Trump in 2024	5
t3_k2udbo	How Rudy Giuliani went from a respected federal prosecutor and beloved NYC mayor to Trump's bag man	5
t3_k32m0f	"In Another Legal Blow To Trump, Pa. Supreme Court Tosses Suit Challenging Mail-In Ballots"	2
t3_k3itz3	Is Trump headed to another campaign or to a courtroom?	5
t3_k3kqj0	Jennifer Psaki to Be Press Secretary as Biden Names All-Female Communications Team	4
t3_k3lqy7	"Jill Biden, Joe’s chief protector, to step up as first lady"	4
t3_k3cjn0	"Jill Biden, Joe’s chief protector, to step up as first lady"	4
t3_k2o1am	Joe Biden expected to name Cindy McCain as ambassador to UK	3
t3_k3ikqf	Joe Biden Hurt His Ankle While Playing With His Dog Major	4
t3_k3ayh6	"Joe Biden plans quick moves to boost protections for LGBTQ Americans, including lifting Trump’s ban on transgender military service"	6
t3_k3gmc4	Joe Biden would rescue world alliances with Antony Blinken	4
t3_k2pvp7	"Joe Exotic reportedly spent $10,000 in Trump hotel hoping for presidential pardon"	5
t3_k3hach	John Nichols: Trump wants to take the internet down with him	5
t3_k2r8wr	Judges Toss Challenge of Trump Memo to Exclude Undocumented Immigrants from Census Count	2
t3_k31k8r	Killing of suspected Iranian nuclear mastermind risks confrontation as Trump exits	3
t3_k2v3mz	Lame-Duck Trump Makes Legal Moves to Fire Federal Employees in Possible Attempt to Sabotage Biden Admin..	5
t3_k39783	"Let Trump try to defend racist, traitorous Confederates. Congress can still prevail."	5
t3_k3e1s8	Let’s Talk About ‘Massive Dumps’ That Lost Trump the Presidential Election	5
t3_k391by	Lieutenant governor: Trump campaign would get its 'clock cleaned' if it appeals Pennsylvania ruling to Supreme Court	2
t3_k3e29l	Lifting near-total ban on transgender people from military service among Biden plans to protect LGBTQ rights	6
t3_k37g8m	Limbaugh criticizes Trump’s lawyers: They promised “blockbuster” evidence — then “nothing happened”	5
t3_k37ege	Make America incompetent again? Trump wants to ruin our merit-based federal jobs system.	5
t3_k39byi	McDaniel Struggles To Energize Trump Supporters Convinced Of Fraud To Vote In GA Runoffs	5
t3_k3hmac	Memo to Biden: Go big — use the moment to not only rebuild but to rebuild differently	4
t3_k2mwh6	"Milwaukee County certifies election in Biden's Favor, says no fraud found in recount"	2
t3_k2o0xi	Mnuchin plans to move $455B in coronavirus relief out of Biden's reach	1
t3_k32m73	Navajo Nation's Jill Jim named to President-elect Joe Biden's COVID-19 Advisory Board	4
t3_k2yyne	New Consensus co-founder discusses proposal for Biden to use Fed to sidestep Congress	4
t3_k2x8f1	New polls show Mike Pence will never be president as long as the Trumps are around	5
t3_k3irr6	"Official Says No Evidence of Fraud During Wisconsin County's Recount, Biden Still Wins the State"	2
t3_k3hr72	OMB Lists Positions Stripped of Job Protection Under Trump Order	4
t3_k3afk1	One-termers: What Trump can learn from Carter and Bush's re-election losses	5
t3_k3a3ku	Op-Ed: How Trump is laying the groundwork for violence and unrest during Biden’s presidency	5
t3_k3lzai	Ousted Trump cybersecurity director debunks 2020 election rumors	2
t3_k3akel	Pa Supreme Court Rejects Another Gop Effort To Block Certification Of Biden’s Win	2
t3_k3khjm	Pa. lawmaker gets news of positive COVID test while meeting with Trump at White House	1
t3_k3khqf	Pa. lawmaker was informed of positive coronavirus test while meeting with Trump: report	1
t3_k3lk06	Pennsylvania Lt. Gov. John Fetterman calls Trump's election lawsuits 'mandatorily aired absurdities' and calls out Twitter over its handling of the president's misinformation	2
t3_k319qe	"Pennsylvania SC rejects GOP effort to block election certification, says it's too late in latest Trump defeat"	2
t3_k300xg	Pennsylvania Supreme Court dismisses lawsuit against mail ballots with prejudice in another defeat for Trump	2
t3_k2ysnf	Pennsylvania Supreme Court dismisses Trump allies’ attempt to throw out millions of mail-in ballots	2
t3_k2yxkj	Pennsylvania Supreme Court Tosses Trump Ally Mike Kelly’s Constitutional Challenge to the 2020 Election	2
t3_k3gbey	Politics updates: Trump mocked for claim that 'I came up with vaccines'; Blunt won't call Biden president-elect	5
t3_k2r3w1	President Trump invited Pa. lawmakers to the White House. Then everyone went silent.	5
t3_k2n3jg	President Trump paid $3M in Wisconsin recount only for Biden to gain 132 votes	2
t3_k39v9d	President Trump's war on immigration takes on political overtone at Supreme Court	5
t3_k3kq63	President-elect Biden chooses an all-female senior White House press team	4
t3_k2wxwg	President-elect Biden considering appointing members of the LGBTQ+ community to his cabinet	4
t3_k3k9lb	President-elect Joe Biden hires all-female communications staff	4
t3_k3j5ye	President-elect Joe Biden twists ankle after slipping while playing with dog	4
t3_k3i40y	President-elect Joe Biden twists ankle after slipping while playing with dog	4
t3_k3hj1b	President-elect Joe Biden twists ankle after slipping while playing with dog	4
t3_k3hi19	President-elect Joe Biden twists ankle after slipping while playing with dog	4
t3_k3i6sx	"President-Elect Joe Biden Twists Ankle While Playing With Dog, Visits Doctor"	4
t3_k2nsgq	Record Asian American turnout helped Biden win Georgia. Can it help flip the Senate?	2
t3_k3hjiu	Recount confirms Biden's win in Wisconsin	2
t3_k3jlp6	Recount in two Wisconsin counties reinforces Biden’s victory.	2
t3_k2f9sx	Recount in Wisconsin county demanded by Trump increases Biden's margin	2
t3_k3b5b9	Republican Arkansas governor: Trump beginning transition process more 'significant' than a concession	5
t3_k3ciju	Republicans turn to Biden transition as Trump's legal options dwindle	4
t3_k3e43n	Retired Navy admiral behind bin Laden raid: The rest of the world is waiting for Biden	4
t3_k2gcs5	Security Experts Fear State Secrets Won’t Be Safe With Indebted Donald Trump	5
t3_k3arda	Senior Republican senator accepts election was not rigged but refuses to call Biden president-elect	2
t3_k2vxld	Some conservatives urge Trump to drop fraud claims ahead of Ga. runoffs	2
t3_k3etan	"Some Republicans, including Roy Blunt, would like to see Trump at Biden's inauguration"	5
t3_k3jnqz	Source: Pa. lawmaker gets a positive test at Trump meeting	1
t3_k3j0yc	Source: Pa. lawmaker gets a positive test at Trump meeting	1
t3_k3jlh5	Source: Pa. state Sen. Doug Mastriano learns of positive coronavirus test at Trump meeting	1
t3_k38sbt	Supreme Court reviews Trump plan to exclude undocumented immigrants in redistricting	5
t3_k301wm	Supreme Court takes up Trump order to remove undocumented immigrants from population count	5
t3_k2orel	Supreme Court to hear arguments on Trump administration's attempt to exclude undocumented immigrants from census	5
t3_k3ermo	Supreme Court Weighs Trump Bid To Bar Illegal Immigrants From Census Coun	5
t3_k3fge7	Take a Look at What Trump Was Doing as Thousands Died of COVID-19	1
t3_k2n9wl	Team Trump’s legal arguments veering into paranoid kook-land	5
t3_k38naz	The 3 nuclear threats facing President-elect Biden	4
t3_k3kq0o	"The Biden Era Will Be Neither Normal Nor Boring | The next four years will be quieter than the past four, but they will still be chaotic."	4
t3_k3e1db	The Cost of Trump’s Assault on the Press and the Truth	5
t3_k3m0i8	The King of Trump TV Thinks You’re Dumb Enough to Buy It	5
t3_k381in	The most important relationship in D.C.? Biden and McConnell have a history	4
t3_k37m2b	The Republican Secretary of State for Georgia says Trump 'should leave quietly' after state's election recount confirmed Biden's win	2
t3_k31wox	"The Supreme Court, faithless electors, and Trump’s final, futile fight"	5
t3_k2pi0x	"Thomas Frank: Trump Will Be Evicted, but Trumpism Lives On — The Democratic Party’s future must be built around class-based issues in order to reach working people."	5
t3_k3d3f8	"To this Supreme Court, religious freedom trumps public health — even amid the COVID plague - America may be back, as Joe Biden says, but at the Supreme Court, with its extremely conservative new majority, America is increasingly unrecognizable"	1
t3_k2mtq3	Top cybersecurity official fired by Trump says allegations of foreign interference in election ‘farcical’	3
t3_k37tgx	Top Trump Aide O’Brien Shadowed in Asia by U.S. Election Tumult	3
t3_k3er1o	Top US Cybersecurity Official Fired by Trump Calls Allegations of Voter Fraud ‘Farcical Claims’	2
t3_k2p1dh	Trump ‘is considering an event to announce his 2024 campaign on the day of Biden’s inauguration’	5
t3_k3g4s5	Trump Administration Fast Tracking Executions and Trying to Bring Back Firing Squads Before Biden's Inauguration	5
t3_k2wpbj	Trump Administration Moves To Sell Drilling Rights To Alaska's Arctic National Wildlife	5
t3_k3gab7	Trump admits 'it's hard to get to the Supreme Court'	5
t3_k3bu36	Trump attacks FBI for not helping him overturn election result: ‘They just move on’ | The president is furious at the FBI for not backing his election fraud claims	2
t3_k38mjd	"Trump attorneys described Giuliani as 'deranged' and likened the team pushing election fraud claims to a 'clown car,' report says"	5
t3_k39bx2	Trump banking proposal on fossil fuels sparks backlash from libertarians	5
t3_k3fz0x	Trump baselessly claims the FBI and DOJ may be involved in a ploy to 'rig' the election and says the agencies have been 'missing in action' in his legal battles	2
t3_k2lvxi	Trump Biographer Hits President Where It Hurts: Can’t Even Succeed At Being A Loser	5
t3_k3dwxw	Trump blames his loss on ‘big massive dumps’ — and is now reportedly planning to kick off a 2024 campaign during Biden’s inauguration	5
t3_k2xnep	"Trump Calls Fox News 'Virtually Unwatchable,' Points Followers to OANN and Newsmax"	5
t3_k3agd7	"Trump campaign's legal arguments ""shredded in every court that they're dumb enough to step into"": Pennsylvania lt. governor"	2
t3_k3bcok	Trump cannot pardon himself former White House ethics lawyer says	5
t3_k3dxmk	Trump claims world leaders are calling to say how 'messed up' the U.S. election was despite most congratulating Biden	3
t3_k3l3zn	Trump clings to bevy of bogus election claims	5
t3_k3fdo0	Trump Complains About 'Massive Dumps' While Lying About Why He Lost	5
t3_k3dzxf	"Trump continues to deny he lost in first post-election interview, says FBI and DOJ 'missing in action' against 'total fraud'"	5
t3_k2vfr5	Trump crams one last racist policy into his final days as president	5
t3_k3lck8	Trump Did Worse in Counties Where He Held His Final Rallies: Report	5
t3_k3c6fh	Trump expresses doubt on whether Supreme Court will hear election cases	5
t3_k3h7rw	Trump falls short in Wisconsin recount he paid $3 million for	5
t3_k2zuj2	Trump has lost a string of blistering court rulings. A judge said one claim was ‘like Frankenstein’s monster’	5
t3_k2dhb5	"Trump Is Gaslighting Himself and Really Thinks He Won the Election, Mary Trump Says — “I don’t think he’s ever accepted the truth of the loss. I don't think he’s psychologically or emotionally capable of that.”"	5
t3_k2tfhg	Trump lawsuit confuses Michigan and Minnesota locations in affidavit claiming voter fraud	2
t3_k3fz09	"Trump legal team will ‘get their clock cleaned’ by Supreme Court in challenging Pennsylvania election results, official says"	2
t3_k3bvxb	"Trump Looms Large Now, but Maybe Not Forever"	5
t3_k3lk40	Trump loyalist Pa. State Sen. Doug Mastriano tests postive for COVID-19 after meeting Republicans at White House	1
t3_k3ds16	Trump Now Baselessly Suggests FBI Rigged Election Against Him in First Post-Election Interview	2
t3_k3civx	Trump on election claims: 'My mind will not change in six months'	5
t3_k3ici2	Trump on Kemp: ‘I’m ashamed that I endorsed him’	5
t3_k3bhym	Trump pushes discredited election conspiracy theories in first TV interview since defeat	2
t3_k39ura	"Trump Races to Weaken Environmental and Worker Protections, and Implement Other Last-Minute Policies, Before Jan. 20"	5
t3_k3i9qt	Trump rails at judges as another court rejects his lawyers' claims of voter fraud	5
t3_k3g7qk	Trump rails at judges as another court rejects his lawyers' claims of voter fraud	2
t3_k2ycos	Trump Reportedly Considering Launching 2024 Campaign During Biden’s Inauguration	5
t3_k3c7il	"Trump said he wanted to file 'one big, beautiful lawsuit' claiming election fraud, but his lawyers told him he didn't have legal standing"	2
t3_k3evh9	Trump said world leaders complained to him about the election results — but most of them have already congratulated Biden	3
t3_k3g5my	Trump says he is ashamed that he supported Georgia Gov. Brian Kemp	5
t3_k390wf	Trump says he’ll step down if electoral college votes for Biden	5
t3_k3d1qw	Trump says his election challenges probably won't make it to the Supreme Court	5
t3_k3iay9	Trump says it will be 'hard to get' his election claims to Supreme Court	5
t3_k3gjao	"Trump senior aide Kushner and team heading to Saudi Arabia, Qatar"	3
t3_k2notv	Trump shrugs off Pennsylvania lawsuit defeat by falsely claiming he won state ‘by a lot’	2
t3_k2mbc0	Trump spent $3 million for a vote recount in Wisconsin's largest county to support his baseless claim of ballot fraud but lost by even more than initially thought	2
t3_k2vq5e	Trump spent $3 million on a Wisconsin recount which has boosted Biden’s total vote	2
t3_k3d3w2	"Trump still alleges widespread fraud, but says ‘it’s hard to get into the Supreme Court’"	2
t3_k3c3iu	Trump Suggests FBI and Justice Department Led By His Own Appointees May Be 'Involved' With Rigging Election Against Him	2
t3_k2z8ls	Trump supporter who gave $2.5m to fight election fraud wants money back	2
t3_k2v21a	Trump Supporters in Georgia Ask RNC Chair Why They Should Vote in Runoffs When System Is 'Rigged'	2
t3_k31mpq	Trump Tells Fans to Watch ‘Anything Else’ but Fox News Ahead of His Own Fox News Interview	5
t3_k3atlw	Trump tells viewers to watch 'anything else' but Fox News ahead of his 1st interview since Election Day	5
t3_k2ryk3	Trump Threatens to Veto Military Funding Over Provision to Rename Confederate Military Bases	5
t3_k39lln	Trump transition show is jumping the shark	4
t3_k32pcb	Trump tweets legal advice from Diamond and Silk to support voter fraud allegations	5
t3_k3ac8d	"Trump underperformed in most counties with large rallies | Many saw the rallies as a sign of big enthusiasm for Trump, but the data suggest the visits did not produce the desired impact for the president."	2
t3_k3arud	"Trump was ‘muttering, I won, I won, like ‘Mad King George’ after election defeat, report says"	2
t3_k37kop	"Trump was convinced he was going to win on election night in a repeat of 2016, and was 'shouting at everyone' when Fox News called Arizona for Biden"	2
t3_k3e88e	"Trump, without evidence, calls the 2020 presidential election results 'the greatest fraud in the history of our country from an electoral standpoint'"	2
t3_k3chd0	Trump: 'I'm ashamed I endorsed' Georgia Gov. Brian Kemp	5
t3_k3c70t	Trump: 'I'm ashamed that I endorsed' Kemp in Georgia	5
t3_k2ylpt	"Trump's ""total fraud"" election tweets follow template he used in 2016 and 2012 against Cruz, Obama"	2
t3_k3bb83	Trump's lies about the election show how disinformation erodes democracy	5
t3_k34ihn	Trump's Touted 'Coronavirus Drug' Linked To Psychiatric Disorders	1
t3_k38qqi	Trump’s Election Attack Ends December 14—Whether He Knows It or Not	2
t3_k3g69n	"Trump’s first interview since losing reelection was a smorgasbord of disinformation: The president spread conspiracy theories about rigged voting machines, mail-in voting, and more."	5
t3_k2svoo	Trump’s GOP is Increasingly Racist and Authoritarian—and Here to Stay	5
t3_k2rd69	Twitter Has Flagged 200 of Trump’s Posts as ‘Disputed’ or Misleading Since Election Day. Does It Make a Difference?	5
t3_k38l2z	U.S. Supreme Court weighs Trump bid to bar illegal immigrants from census totals	5
t3_k2n0zl	Was scientist’s killing the opening shot of a Trump-led war on Iran?	3
t3_k3lrqt	We Won’t Forget and We Won't Forgive What Trumpists Did To America	7
t3_k3812r	What Biden's national security team says about his world view	4
t3_k2p2qm	What could Trump do to tank the economy out of vengeance? What Republicans have done for years	5
t3_k3hygn	White House coronavirus adviser Deborah Birx hopes to brief Joe Biden about pandemic on Monday	1
t3_k3e487	WI Recount Cements Biden’s Win And Trump’s Failure To Overturn Results	2
t3_k3dkne	"Wisconsin Completes Partial Presidential Recount, Biden Gains 166 Votes"	2
t3_k3gmu1	Wisconsin election recount confirms Biden’s win over Trump	2
t3_k3cwgo	Wisconsin recount adds 87 votes to Biden’s victory over Trump	2
t3_k3g7qz	"Wisconsin Recount Confirms Biden’s Victory Over Trump, Again."	2
t3_k3ckad	"Wisconsin recount confirms Biden’s win over Trump, cementing the president’s failure to change the election results"	2
t3_k3f3b9	Wisconsin recount confirms Joe Biden’s win over Donald Trump	2
t3_k3dk2m	Wisconsin’s Dane County Affirms Biden’s Win After Recount	2
t3_k31bt6	"With a Biden win, Bears Ears and Grand Staircase monuments may soon be restored"	4
t3_k3i3aa	"With Fox’s Maria Bartiromo as his first post-election interviewer, Trump found a sympathetic ear and few questions"	5
t3_k3lel1	"With the vote count now over, here’s how Pennsylvania broke for Joe Biden"	2
t3_k43sa6	Arizona certifies Biden as winner over Trump team’s objections	2
t3_k3vkvs	Media Say Biden’s Female-Led Comms Team Is A First. It’s What Trump Has Now	4
t3_k47gtt	Wisconsin Becomes Last Contested State to Confirm Biden Won	2
t3_k3t289	Trump: 'We Don't Have Freedom of the Press in This Country -- We Have Suppression by the Press'	5
t3_k3y7zq	"""They’ll freeze them out"": Democrats fear Senate Republicans will block Biden’s judges"	4
t3_k3xxlv	Neera Tanden Deletes 1100 Tweets Criticizing GOP Leaders In Anticipation Of Tight Confirmation Battle -- Biden’s pick for Director of the OMB is frantically deleting old tweets ahead of a close confirmation vote requiring GOP senators’ support.	7
t3_k3yzgu	Pennsylvania Bombshell: Biden 99.4% vs. Trump 0.6%	2
t3_k44jz0	Joe Biden Reportedly Working With Teachers Union That Opposes Charter Schools	4
t3_k3tinh	Obama Scolds Hispanic Trump Voters for Not Buying Liberal Lies	6
t3_k3m2o9	Trump tells Biden to 'get well soon' after he fractured his ankle while playing with his German Shepherd Major and his doctor revealed he would need a walking boot for several weeks	5
t3_k3zdri	Lt. Gen. Michael Flynn: 'I Don't Believe the Country Will Accept Vice President Biden as the Next President'	4
t3_k46mmp	"Never Trumper Rick Wilson demands humiliation, incarceration for top Republicans who backed Trump"	7
t3_k3zexv	National Review is done with “Trump’s Disgraceful Endgame”	5
t3_k3wsh3	Why Millions Don't Believe Trump Lost	2
t3_k49jq3	MSNBC viewers lash out at Andrea Mitchell and demand she retire over comments​ critical of Joe Biden	7
t3_k48ql0	"Biden All-Female Communications Team Won't Tell Nation What's Wrong, Nation Should Already Know"	7
t3_k3z9v1	Kemp to Trump: Georgia law blocks him from ‘interfering’ with elections	2
t3_k47rrl	Trump supporter who gave $2.5m to fight election fraud wants money back	7
t3_k3t9yz	Biden Breaks Foot Playing with Dog Needs to Wear Walking Boot Trump Sends Message ’Get Well Soon!’	7
t3_k44e44	"Biden Acolytes Are Abuzz Over 'First All-Woman WH Comms Team,' They Forgot to Check in With Who's There Now"	4
t3_k495jv	Resurfaced photo shows Biden press sec Jen Psaki wearing hammer and sickle hat with Russian official	7
t3_k48aa6	"Gerard Baker: Media Treat Trump’s Team Like Dogs, Biden’s Like Puppies"	7
t3_k3zgid	Republican Senate Staff Say One Biden Cabinet Pick Has 'Zero Chance' at Confirmation: Neera Tanden -- 'has an endless stream of disparaging comments about the Republican Senators whose votes she’ll need'	4
t3_k48y91	Dr. Scott Atlas resigns as special adviser to Trump on coronavirus	1
t3_k3y97p	"Cornyn spokesman: Biden's pick for OMB ""stands zero chance of being confirmed"""	4
t3_k4ans8	Wisconsin Confirms Joe Biden as Winner Following Recount	2
t3_k3vioi	"Trump’s Michael Flynn Pardon Is Only The Beginning Of The Justice This Nation Deserves -- The corporate media has refused to tell Americans the truth, so I will. Here are six key aspects of the case that expose the Obama-Biden administration's travesty of justice."	5
t3_k3lel5	"Professional Asshole Keith Olbermann: Prosecute Trump, Family, Supporters, Everyone"	5
t3_k44lvd	"Trump’s NATO Ambassador Calls Biden President-Elect, Vows ‘Seamless’ Transition"	4
t3_k3aa7g	'LYING FOR DEMOCRATS' Candace Owens wins challenge against ‘communist’ Facebook fact-checker Politifact over Biden post false rating	7
t3_k3hvde	Trump: Fox News 'Virtually Unwatchable'	5
t3_k40ar1	On Meet The Press Chuck Todd and Eric Dyson Insipidly Declare Trump Contesting Election Results is a Racist Dog Whistle	2
t3_k3lfcm	Biden’s Injury From Falling While Playing With Dog More Serious Than Initially Thought	7
t3_k3lpb3	Trump on Election Fraud: The DOJ and FBI Are 'Missing in Action'	2
t3_k3zcmo	BREAKING: Biden Announces 6 New Major Picks For His Economic Team	4
t3_k3cu2a	Trump Expresses Doubt on Whether Supreme Court Will Hear Election Cases	2
t3_k3nbdh	Study: Media’s Suppression of 8 Issues Likely Swung Election to Biden	2
t3_k3z90v	Trump presses 'hapless' Georgia governor to overrule secretary of state on signature matching	5
t3_k3fsn9	Trump: ‘They used COVID as a means to stuff the ballot boxes’	1
t3_k47whj	Biden’s Pick For Homeland Security Chief ‘Exerted Improper Influence’ In Visa Program For Rich Foreign Investors	4
t3_k3v1yi	Legitimacy of Biden Win Buried by Objective Data | The American Spectator | USA News and PoliticsThe American Spectator | USA News and Politics	2
t3_k3eevo	"Trump Makes His Post-Election Move, Purges Pentagon's Outside Advisory Board, Kissinger and Albright Get the Boot"	5
t3_k3a5kw	Pennsylvania Bombshell: Biden 99.4% vs. Trump 0.6%	2
t3_k39tlx	"Data expert: Vote tabulation feeds in PA, GA show 'anomalies' suggesting Trump missing votes"	2
t3_k39e0u	Jon Voight Warns 'We Are in Great Danger if We Fall Under a Biden Administration'	7
t3_k3lwp9	Biden’s Injury From Falling While Playing With Dog More Serious Than Initially Thought	7
t3_k3k0gm	Biden Announces All-Female Senior WH Press Team	4
t3_k2ydmj	Supreme Court agrees to hear Trump’s plan to remove non-citizens from census	5
t3_k2vlb2	"Ohio certifies Presidential election results, Trump wins OH"	2
t3_k37n9a	Hundreds of BLM Protesters Gather Outside LA Mayor Eric Garcetti’s Home. This is the 5th straight day protesters have shown up to Garcetti’s home to protest. They say they are here to protest the consideration of Eric Garcetti to the media’s fake president-elect Joe Biden’s so-called “cabinet.”	6
t3_k46s8y	CNN uses Biden’s foot injury to fawn over transparency of incoming administration	7
t3_k3b90k	Trump officials claim legacy of 'groundwork' for nuclear breakthrough	7
t3_k478t8	Melania Trump Stuns With White House Christmas Decorations Yet Again	7
t3_k39q3u	"Joe Biden Cabinet Prioritizes Establishment Experience, Obama Administration Figures"	4
t3_k46e4x	Conservative justices quiz Trump administration on bid to remove illegal immigrants from Census with Amy Coney Barrett saying history 'really cuts against your position'	7
t3_k44jvi	"Jennifer Rubin calls Biden's cabinet picks 'center-right', impressing conservative policy wonks"	4
t3_k32mfc	Pennsylvania Bombshell: Biden 99.4% vs. Trump 0.6% Stunning testimony that the media has dutifully ignored.	2
t3_k2z1v2	Pennsylvania Supreme Court Tosses Trump Ally Mike Kelly’s Constitutional Challenge to the 2020 Election	2
t3_k36qda	Biden's Leading CIA Director Pick Backed Torture	4
t3_k445pf	Media Ignore ‘Devoutly Religious’ Biden’s Embarrassing Bible Gaffe After Freaking Out About Trump’s ‘Two Corinthians’ Remark -- Media blatantly ignores Joe Biden’s Biblical flub that would be non-stop headline fodder if uttered by the current president.	7
t3_k4770m	Trump: 'We Don't Have Freedom of the Press in This Country -- We Have Suppression by the Press'	5
t3_k2xj6r	"Ohio certifies presidential election results, Trump win"	2
t3_k2zqhw	Trump Officially Wins Ohio As State Certifies Election Results	2
t3_k3gldo	Trump’s Payroll-Tax Deferral Creates Predicament for Congress	5
t3_k46kn4	"Rudy Giuliani: Trump Team Looking Past Election Lawsuits, Will Lobby State Houses​"	7
t3_k45ywe	UPDATE: Biden ankle injury caused by tripping over a box of ballots in his basement	7
t3_k45urv	Report Finds Biden’s Campaign Received Six Times More Dark Money Than Trump’s	7
t3_k459c2	Voters rejected radical Joe Biden and he now has a mandate to work with moderate Republicans	7
t3_k2rr24	"The 'smartest man in the room' has joined Sidney Powell's team -- Navid Keshavarz-Nia, an expert witness, stated under oath that there was massive computer fraud in the 2020 election, all of it intended to secure a victory for Joe Biden."	2
t3_k2x1bx	Black Lives Matter Leader Says Joe Biden ‘Capitalized On Our Efforts To Defund The Police’	6
t3_k44ezr	Horowitz: New analysis shows Biden winning nearly impossible margins on mail-in ballots in Pennsylvania	2
t3_k2twr2	Liberals Heads Explode After CNN Video Surfaces Showing Path for Trump 2020 Win	5
t3_k45bu2	Horowitz: New analysis shows Biden winning nearly impossible margins on mail-in ballots in Pennsylvania	2
t3_k449zo	Trump's multiple paths to victory	2
t3_k3483t	Dr. Navid Keshavarz-Nia: “I conclude with high confidence that the election 2020 data were altered in all battleground states resulting in a hundreds of thousands of votes that were cast for President Trump to be transferred to Vice President Biden.The evidence is overwhelming and incontrovertible.”	2
t3_k3xywu	Democrats Rejoice After Kamala Harris Finds Special Potion To Cure Biden’s Injured Ankle	7
t3_k33zq4	Trump Nominates a Top Bank Regulator as Biden Starts Transition	5
t3_k32nf0	Just like Biden: Chavez was losing on election night...	2
t3_k33yan	The PA State Legislature Hearing Was a Powerful Moment for the Trump Legal Team	7
t3_k2nbot	"WATCH: Olbermann says he wants so many Trump allies jailed ""that we have to convert Trump buildings"" into ""Trump prisons"""	7
t3_k3ua6r	Joe Biden fractures foot after slipping while playing with dog	7
t3_k3yha6	Giuliani and Powell Could Not Give Evidence of ‘Explosive’ Fraud Claims When Asked by Others on Trump Team: Report	2
t3_k2mh5u	"Democrats are scrambling to explain away the inroads Republicans have made with minorities, as evidenced in the election results. Instead of listening to the concerns of the Black and Hispanic voters who voted for Trump — Democrats are instead blaming them."	6
t3_k3tovr	"Republican Sens. Tom Cotton and John Cornyn slam Biden cabinet picks, suggesting confirmation fight"	4
t3_k2u62j	Trump’s Legal Team to Participate in Public ‘Hearing on Election Integrity’ with Arizona Lawmakers	5
t3_k419pl	BLOCKED EVERYWHERE: How Trump won the 2020 Election. —— Try copying and pasting the link in FB messenger to a friend and watch it not go through. This is next level censorship on a grand scale and is quite telling!! Try it yourself!	2
t3_k2q0q7	Pennsylvania Judge Rules 2020 PA Election Likely Unconstitutional – Trump Case “Likely to Succeed”	2
t3_k30sig	Black Lives Matter Leader Says Joe Biden ‘Capitalized On Our Efforts To Defund The Police’	6
t3_k3ts3g	Trump Supporters Have A Cross To Bear	7
t3_k3shne	"Crowd gasps after learning a spike of votes in PA had 600k votes for Biden and only 3,200 for Trump"	2
t3_k2x8wf	Judge rules pro-Trump case established a 'likelihood to succeed on the merits' in Pennsylvania	2
t3_k3rdlh	'Get well soon': Donald Trump's message after Joe Biden fractures his foot while playing with dog	7
t3_k3pg69	Report: Joe Biden Suffers Injury; Heads to Orthopedist	7
t3_k2nc9m	UPDATE on Pennsylvania: Judge predicts Trump will win the lawsuit on unconstitutional mail-in ballots	2
t3_k41xhu	Trump said the stock market would crash if Biden won. The Dow is having its best month since 1987.	5
t3_k41srd	Arizona Certifies Biden’s Election Victory Over Trump	2
t3_k48941	Ivanka Trump ‘Not Wanted’ posters appear across New York City	7
t3_k3z06l	"Joe Biden names Karine Jean-Pierre, a proud Black lesbian immigrant, as deputy White House press secretary"	4
t3_k3zl4a	Biden's favorability already 6 percent higher than Trump's record: poll	7
t3_k3yye8	"GOP congressman says he's been called a ""traitor"" by people close to him for recognizing Biden's victory"	7
t3_k3y80s	75% of every donation to Trump's 'election defense fund' could be spent by the president himself on things like paying family members or financing a 2024 bid	7
t3_k3w2hj	We Won’t Forget and We Won’t Forgive What Trumpists Did to America	7
t3_k3vdw3	Biden Four Times More Popular With Republicans Than Trump Is With Democrats: Poll	7
t3_k3ul81	"Congress is briefly reconvening, under pressure from Trump and Biden to pass a COVID-19 stimulus bill after months of gridlock"	1
t3_k3v2oi	"President Trump’s interview is an embarrassing low mark for him, Fox News and, especially, interviewer Maria Bartiromo: Once a respected journalist and top business reporter, Bartiromo has seemingly sold her journalistic soul to become a sycophant for President Trump."	5
t3_k45csk	"The Trump You’ve Yet to Meet: Just because we know bad things about the 45th president, don’t assume that there’s nothing bad left to find out."	5
t3_k433e1	Federal Judge Advances Lawsuit Accusing Felix Sater Of Laundering Loot Through Trump Properties.	7
t3_k3vijr	Biden's favorability rating rises while Trump's slips: Gallup	7
t3_k43k82	National Review Editors Slam President Trump as ‘Petulant’ and ‘Disgraceful’ Sore Loser	5
t3_k3z5h4	"Trump's Rallies Didn't Pay Off For Him At The Polls, According To Data. Research has, however, linked his rallies to hundreds of COVID-19 deaths."	5
t3_k41wg3	Arizona certifies Biden's win	2
t3_k42h1m	Georgia governor rejects Trump's call to 'overrule' elections officials with emergency powers	2
t3_k46s2b	Wisconsin formally declares Biden won election following recount	2
t3_k3x9bi	"President-elect Biden Adds Navajo Nation Health Director, Dr. Jill Jim, to His Transition Team's Coronavirus Task Force"	4
t3_k46hjr	"All major battleground states in the 2020 election officially finalize their results, cementing Biden's victory in the presidential race"	2
t3_k3wbby	"Trump's whining about the ""rigged"" election feeds off GOP's longtime victim complex: For the right to cast themselves as history's victims is nothing new. But this time it's more dangerous than ever"	2
t3_k44esj	Georgia shuts down Trump’s attempts to bully governor over election result	2
t3_k3tfti	Republican Rep. Tells Trump to 'Stop the Stupid' after 'Election Hoax' Tweet	2
t3_k474w5	"Joe Biden names all-female communications team, Kayleigh McEnany falsely claims Trump did it first. McEnany claims Trump has an all-female team, forgets about her own male deputies and Pence's male press secretary"	4
t3_k42wkh	"Georgia governor, defying Trump, says he'll 'follow the law' on election results"	2
t3_k3vynw	Why Trump's Michael Flynn pardon was so obviously corrupt	5
t3_k3u4pg	The Supreme Court Must Choose Between Trump and the Constitution in the Census Case	5
t3_k3we1f	Trump Whines About ’60 Minutes’ Interview With Ex-DHS Official Who Debunked False Voter Fraud Claims	5
t3_k3v9zr	'Stop The Stupid': GOP Lawmaker Pleads With Trump To Drop Election Lies	5
t3_k3txr7	Trump’s Tantrum Over Loss Could Smash Georgia GOP	5
t3_k46qb6	Stephen Miller Races to F--K Over Immigrants on His Way Out the Door — The new father and architect of Donald Trump’s family-separation policy is hard at work.	7
t3_k3yowf	FCC chief Ajit Pai to depart agency the day Biden is sworn in	7
t3_k3wdha	Trump losing Twitter followers since election – as Biden gains them	7
t3_k478ud	"Joe Biden's inaugural committee will accept corporate donations up to $100,000, but bar lobbyists and fossil fuels"	4
t3_k41tx3	Trump’s path to a second term via faithless electors has ‘zero practical chance’	5
t3_k430hz	Trump couldn’t steal the election. That doesn’t mean warnings were overblown.	5
t3_k46730	Wisconsin Becomes Last Contested State to Confirm Biden Won	7
t3_k47wzs	Wisconsin Gov. Tony Evers signs certification of Joe Biden’s win ahead of promised lawsuit from President Donald Trump	2
t3_k3zzgd	Georgia secretary of state says Trump is being misled by 'dishonest actors'	5
t3_k457tm	Joe Biden Seems to Be on Board With This Blog's First Rule of Economics: F*ck The Deficit. People Got No Jobs.	4
t3_k3xkld	Biden picks Janet Yellen for Treasury Secretary and five other top economic advisers	4
t3_k44zk1	Georgia Democrat Osoff Says 'Disgraced' Trump Will Only Bring COVID to State	5
t3_k419up	Trump ally hosting maskless meeting to nix election certification gets COVID	7
t3_k44suf	Trump and his allies have won zero out at least 26 lawsuits they've filed since Election Day	5
t3_k487yf	How Will Biden Deal With Republican Sabotage? | He needs to make the G.O.P. pay a price for obstruction.	7
t3_k3whg8	Trump lost support in most of the places where he held his final campaign rallies	5
t3_k48qhq	Dr. Scott Atlas resigns as special adviser to Trump on coronavirus	5
t3_k42lg5	Arizona secretary of state certifies election results with Biden winning state's 11 electoral votes	2
t3_k45pgo	"Citing rise of 'Christian nationalism,' Secular Democrats unveil sweeping recommendations for Biden"	7
t3_k40bjc	Georgia secretary of state calls out 'dishonest actors' for 'exploiting the emotions of many Trump supporters' and 'misleading the president as well' '	7
t3_k469wf	Wisconsin confirms Joe Biden as winner following recount	2
t3_k40onw	Far-Right Pastor: Trump Fast-Tracked Firing Squad Execution Rule Because Some Traitors Are Going to Get Shot	5
t3_k48n5k	Hannity: Trump Should ‘Pardon His Whole Family and Himself’	5
t3_k45e08	It’s Not Just Trump: Covid-19 Is The Test That Conservatism Was Built To Fail	1
t3_k3u5nq	Biden set to receive first president's daily intelligence brief Monday	4
t3_k3yn43	McEnany Ignores Male Deputies While Railing Against Coverage Of Biden's All-Female Comms Team	4
t3_k46yzi	The Trump Train Has Reached Its Terminus in Crazytown	7
t3_k46cii	Trump’s own Supreme Court appointees can’t stomach his attempts to rig the Census	5
t3_k3yuyf	"Donald Trump Says U.S. Election Security Is 'International Joke,' but Watchdogs Rate it Highly"	5
t3_k47835	The Cruelty Is the Point of Trump’s Approval of Hanging and Firing Squads as Execution Methods	7
t3_k43jl0	Wisconsin to certify election result Monday after recounts net 45 new votes for Trump in Madison region and 132 votes for Biden in Milwaukee area	2
t3_k3uia3	Joe Biden Scheduled To Get First Intelligence Briefing Monday : Briefings are finally starting up after a lengthy delay triggered by Trump’s refusal to concede the election victory to Biden.	4
t3_k49pla	‘Is he just coming to bring Covid’: Democrat Georgia candidate launches blistering attack on Trump state visit	1
t3_k3zacd	Trump provided a road map for stealing an election. Next time could be worse.	5
t3_k45wfb	Trump Challenged to Stop 'Waging War' on Election Results by National Review Editorial Board	5
t3_k47adi	Even Amy Coney Barrett appears skeptical of Trump’s latest attempt to rig the census	7
t3_k3lze2	Biden to receive first presidential intelligence briefing on Monday	4
t3_k3x2al	"Trump Spent Thanksgiving Weekend on a Misinformation Spree | “The goal here is to confuse people, and he's doing very well at that. This is a classic propaganda tactic.”"	5
t3_k46f19	Elections Commission chair officially confirms Biden's win in Wisconsin	2
t3_k43btw	"Trump and his allies won't drop claims of stolen election — because they're cashing in. Trump will leave office on Jan. 20 — but in the meantime, right-wing grifters make bank by pretending otherwise"	5
t3_k42de2	Arizona certifies Biden’s victory in the state	2
t3_k47yrq	Justice Department releases Trump's pardon of Flynn and asks court for dismissal	5
t3_k3nbwh	Trump waged a 4-year war with the media. Now Biden has hit the reset button with a historic all-female White House communications team.	4
t3_k4983b	AZ’s GOP Gov Appears To Get A Call From Trump As Biden’s Win Becomes Official In The State	2
t3_k40ihv	The Zaniest Pro-Trump Conspiracists Are Making Life Hard For the GOP In Georgia	7
t3_k431d5	Georgia Republican officials reject Trump's calls to overturn election results	2
t3_k42pzx	Trump Races to Kill Lisa Montgomery In First Federal Execution of a Woman in Almost 70 Years	7
t3_k46iub	'Realize How Silly It Sounds': GOP Lawmaker Urges Americans to Ignore Trump's 'Baseless Conspiracies'	7
t3_k3uqi6	Pennsylvania Republican ‘informed of positive Covid result while in meeting with Trump’	1
t3_k42hdb	Arizona certifies Biden's victory over Trump	2
t3_k48sbd	"Wisconsin, Arizona certify Biden wins in presidential vote"	2
t3_k3zmv7	Michigan Republican congressman asks Trump to drop election fraud conspiracy	2
t3_k3xynh	"Citing Past Calls for Social Security Cuts, Progressives Not Pleased With Biden Pick of Neera Tanden for OMB | ""Everything toxic about the corporate Democratic Party is embodied in Neera Tanden."""	4
t3_k3x9uh	A GOP State Senator Learned He's COVID Positive During a Meeting With Trump	1
t3_k3lck8	Trump Did Worse in Counties Where He Held His Final Rallies: Report	2
t3_k43ig6	Arizona certifies Biden's victory	2
t3_k3ux4w	Anti-LGBT+ Christian activist claims Joe Biden is forming a ‘transgender atheist army’	7
t3_k49dbj	Scott Atlas resigns as coronavirus adviser to Trump	5
t3_k47c2b	Trump’s feud with Brian Kemp says it all about the president’s voter fraud claims	2
t3_k3nnzz	Fired director of U.S. cyber agency Chris Krebs explains why President Trump's claims of election interference are false	2
t3_k485oy	Wisconsin completes canvass and certifies Biden as the winner in the state	2
t3_k3kfa9	'This is propaganda': Fox News' Maria Bartiromo slammed for 'softball' Trump interview	5
t3_k3lkkn	Fox News Host Pulls Apart Election Lies Trump Spouted On Network Hours Earlier	7
t3_k3tgs4	GOP Rep. Says Trump FBI Claim Is 'Flooding the Zone with Baseless Conspiracies'	7
t3_k42e9r	GOP lawmaker says he's been called a 'traitor' by people close to him for recognizing Biden win	7
t3_k43v88	Arizona certifies Biden's narrow victory over Trump	2
t3_k3myr3	"Lindsey Graham calls Biden, Pelosi and Schumer ""trifecta from hell,"" says they'll end Electoral College"	7
t3_k46muo	Schumer: Hearings for Biden Cabinet picks must start before inauguration	4
t3_k45bja	Fmr. CIA Dir. Brennan: 'Critically important' that Biden is now receiving the President's Daily Brief	4
t3_k3ug45	Trump's White House appointees outlast him. Biden and Congress can't forgive and forget.	5
t3_k492ay	"At the White House, Capitol and Supreme Court, Trump goes on a spree of sabotage"	5
t3_k49wwt	Trump’s “Plan” to Distribute COVID-19 Vaccines Is a Predictable Clusterf--k	1
t3_k3x10f	Avlon: Trump's refusal has moved from denial to delusion	5
t3_k44z3b	"Senate Minority Whip predicts Biden to have ""little"" impact on judiciary as GOP will ""freeze"" his picks"	7
t3_k41z7o	Trump Divides Georgia Republicans Ahead of Crucial Senate Runoffs	7
t3_k49imd	Republicans to Trump: Georgia fraud claims could cost us the Senate	7
t3_k3yjcq	"Biden, Harris to begin receiving classified Presidential Daily Brief for the first time"	4
t3_k3vsgc	"Trump's claims of fraud aim to 'scare people', says ex-head of US election security"	2
t3_k49uqx	Murkowski: Trump should concede White House race	7
t3_k3ujgu	Jon Ossoff lost the first high-profile race of the Trump era. Can he win the last one?	7
t3_k49edn	Trump lays the groundwork for a massive government purge on his way out the door	5
t3_k40zu1	FCC Chairman Ajit Pai will step down to make way for the Biden administration	7
t3_k40vdy	Fox Host Argues Trump Doesn’t Need Court Evidence To Steal Swing States From Biden	2
t3_k41dml	Supreme Court seems skeptical of Trump’s census plan	7
t3_k47i9x	Trump has been distorting the military's role in work on a coronavirus vaccine from the very start	1
t3_k46pgi	Trump still in denial about defeat as legal team mounts last-ditch challenges	2
t3_k4973g	Dr. Scott Atlas resigns from Trump administration	7
t3_k46j41	"Trump presidency's final days: 'In his mind, he will not have lost'"	5
t3_k3z6op	"‘Destructive’ Trump loyalists undermining Pentagon transition, retired admiral warns"	7
t3_k3ns2j	Rahm Emanuel doesn’t deserve a job in Biden’s administration | The president-elect often speaks of this nation’s ‘better angels.’ The former Chicago mayor isn’t one of them.	7
t3_k46he4	Wisconsin confirms Joe Biden as winner following recount	2
t3_k3v4ev	Liberal Hyperbole About Trump’s Authoritarianism Was Never the Problem	7
t3_k49lxb	"Arizona certifies election results, finalizing victories for Biden and Kelly"	2
t3_k45pjn	"Trump Failures Highlighted in GAO's Devastating Report on Pandemic, Calling for 'Urgent Action' to Preserve Public Health"	1
t3_k3yhcs	FCC Chairman Ajit Pai to Exit Commission After President-Elect Biden Takes Office	7
t3_k3hxsq	Fox News Host Shreds Election Fraud Claims Trump Made on Network Hours Earlier	2
t3_k4338o	Arizona certifies Biden’s election victory over Trump	2
t3_k43dkf	Fox News host debunks Trump after fellow host Maria Bartiromo let him spew lies without any pushback	5
t3_k42ymk	Some federal judges plan to retire when Trump exits. Will Biden be able to replace them?	7
t3_k4a14m	Trump Lawyer Joe diGenova Says Former Cybersecurity Chief Chris Krebs Should Be Executed for Saying Election Was Secure	2
t3_k49ia6	Have Trump Republican leaders no sense of decency?	7
t3_k3m56k	Pa. Lawmaker Trying to Overturn Election Results Learned He Had COVID-19 During Meeting with Trump: Report	2
t3_k46k7p	Trump underperformed in most counties where he held large rallies	2
t3_k43hc6	"Georgia secretary of state: Trump, supporters' emotions being exploited with 'fantastic claims, half-truths, misinformation'"	7
t3_k3y6am	Trump’s Disgraceful Endgame	7
t3_k3wcmo	Biden to receive his first presidential daily briefing	4
t3_k450dn	Arizona certifies election win for Biden over Trump	2
t3_k47tvd	Wisconsin certifies Joe Biden victory after partial recount	2
t3_k3i5p9	Giuliani and Powell Could Not Give Evidence of ‘Explosive’ Fraud Claims When Asked by Others on Trump Team: Report	2
t3_k48dvr	Amy Coney Barrett Is Already Tipping the Scales in Crucial SCOTUS Cases: Trump’s appointee played a key role in the court’s shift on COVID-19 restrictions for religious gatherings and may soon rule in a case that could expand gun rights.	7
t3_k3zo6q	Georgia Gov. Brian Kemp's office fires back at Donald Trump over election interference demands	5
t3_k3hj1b	President-elect Joe Biden twists ankle after slipping while playing with dog	7
t3_k3zcix	Mitch McConnell’s ability to cripple Biden’s presidency depends on one thing	7
t3_k3xxjs	"Trump Attacks Republican Georgia Governor, Urges Him to 'Use His Emergency Powers'"	5
t3_k49cvl	’Any and all possible offenses’: Trump pardon grants Flynn a sweeping reprieve	5
t3_k3vlec	U.S. Supreme Court mulls Trump bid to exclude illegal immigrants from population count	5
t3_k469g9	Arizona certifies Biden's win as Trump's legal team holds an event in the state over the president's baseless claims of voter fraud	2
t3_k47o9c	"Calls for Diplomacy—Not War—as Scientist's Assassination, Trump Impede Biden's Path to Iran Engagement | ""We cannot let anyone drag us into a new war."""	5
t3_k3evv3	Retired Admiral Says He's 'Very Concerned' About Trump Loyalists at Pentagon During Biden Transition	4
t3_k475yv	The Supreme Court Knows Trump’s Nativist Census Scheme Is Unconstitutional | But the conservative justices might not intervene until it’s too late.	5
t3_k46nm4	Supreme Court skeptical of Trump plan to exclude undocumented immigrants from House redistricting count	5
t3_k450h8	Supreme Court Seems Skeptical of Trump's Plan to Cut Undocumented Immigrants From Census | No president has tried to do what Trump outlined in a memo in July — remove millions of noncitizens from the once-a-decade head count of the U.S. population	5
t3_k3vqsl	Fired director of U.S. cyber agency Chris Krebs explains why President Trump's claims of election interference are false	5
t3_k3sw8g	Trump administration leaves states to grapple with how to distribute scarce vaccines	1
t3_k3o3s0	"Trump Team Would Get Its ‘Clock Cleaned’ At Supreme Court, Scoffs Pennsylvania’s Lt. Gov."	7
t3_k42zpm	"Will a Biden Administration Mean a Smaller Military Budget? - Preventing future pandemics, and addressing long-standing inequalities, will require cutting our bloated Pentagon budget."	7
t3_k3jmhf	"From Terre Haute to Tehran to your grandma, Trumpism is revealed as a death cult in the end."	7
t3_k4agpd	Wisconsin governor certifies state's electoral votes for Biden	2
t3_k4247k	Biden unveils Janet Yellen as Treasury nominee with vow to ‘deliver immediate economic relief’	4
t3_k3fsab	Fox News Lets Trump Spew Lies Unchecked In First Interview Since Election Day	5
t3_k3umof	Trump Is Leaving Biden a Mess in Afghanistan	5
t3_k3wan0	Biden unveils Jan. 20 inaugural committee	4
t3_k3yarg	Canada to Trump: You can't take our prescription drugs	3
t3_k49vik	Trump’s Favorite COVID-19 Adviser Scott Atlas Resigns	7
t3_k3ow2i	Trump rages against '60 Minutes' for interview with Krebs	5
t3_k426fv	"Trump allies to Michigan judge: Force Whitmer to overturn results, award state to president"	5
t3_k40gta	Trump underperformed in majority of counties where he held rallies in during last two weeks of election campaign	2
t3_k3v1ps	The candidates who could end up prosecuting Trump weigh in on New York's criminal investigation	7
t3_k3lk06	Pennsylvania Lt. Gov. John Fetterman calls Trump's election lawsuits 'mandatorily aired absurdities' and calls out Twitter over its handling of the president's misinformation	7
t3_k3f49w	“Mad King” Trump’s Post-Election Spiral Was Even More Deranged Behind Closed Doors	5
t3_k44kzx	Trump's NATO ambassador pledges 'seamless' transition to Biden administration	4
t3_k46y7v	Biden’s win brings new hope for peace deals with Denmark and Canada	3
t3_k3ds16	Trump Now Baselessly Suggests FBI Rigged Election Against Him in First Post-Election Interview	5
t3_k3pzqu	'Firehose of falsehood:' How Trump is trying to confuse the public about the election outcome	2
t3_k3cwgo	Wisconsin recount adds 87 votes to Biden’s victory over Trump	2
t3_k3tohj	Advocates Push For Resurrection Of DoJ Civil Rights Division Under Biden	7
t3_k3vfs9	Donald Trump Jr. aides launch super PAC as Georgia worries mount	7
t3_k3d06y	Bernie Sanders says GOP ‘has ceased to be a political party’ and is now a ‘cult’ in fiery rebuke of Trump fraud claims	7
t3_k3pb3p	Former top US cybersecurity official ousted by Trump said there was 'no manipulation of the vote on the machine count side'	2
t3_k48np6	Supreme Court Seems Skeptical Of Trump’s Census Plan	7
t3_k40tf9	"Firing Squads, Poison Gas, Electric Chair: Trump Moves to Expand Ways to Kill Prisoners"	5
t3_k46lo3	Supreme Court skeptical of Trump's plan to exclude undocumented immigrants from census	6
t3_k3wud1	Joe Biden must be the climate change president	7
t3_k3lzai	Ousted Trump cybersecurity director debunks 2020 election rumors	7
t3_k49uh1	Controversial Trump adviser Dr. Scott Atlas reportedly resigned from the White House COVID-19 task force	7
t3_k437bc	"Arizona certifies election results, and Wisconsin is also expected. Trump may challenge the results."	2
t3_k486me	Pa. lawmaker gets a positive test at Trump meeting	1
t3_k4277p	Trump’s Trying to Take the Internet Down With Him	5
t3_k41ke8	Analysis: The 40 most utterly unhinged lines from Donald Trump's first post-election interview	5
t3_k4291e	Trump escalates attacks on ‘hapless’ Georgia governor refusing signature matching in recount	5
t3_k4a6l4	Scott Atlas resigns as Trump's pandemic adviser after controversial tenure	7
t3_k3bu36	Trump attacks FBI for not helping him overturn election result: ‘They just move on’ | The president is furious at the FBI for not backing his election fraud claims	5
t3_k3y895	When Can We Stop Thinking About Trump Every Minute?	7
t3_k49uh5	Joe Biden's First Presidential Test: The Student Loan Crisis	4
t3_k3uqvd	Biden to receive top-secret US intelligence briefing for first time today	4
t3_k4akym	President Trump lashes out at Arizona Gov. Doug Ducey after certifying election	5
t3_k3c3iu	Trump Suggests FBI and Justice Department Led By His Own Appointees May Be 'Involved' With Rigging Election Against Him	2
t3_k4aksa	Trump Lawyer Says Krebs Should Be ‘Taken Out at Dawn and Shot’ for Defending Election	7
t3_k3chd0	Trump: 'I'm ashamed I endorsed' Georgia Gov. Brian Kemp	7
t3_k3rfre	Trump lashes out at 60 Minutes in furious tweets over interview with fired elections official	5
t3_k3bhym	Trump pushes discredited election conspiracy theories in first TV interview since defeat	2
t3_k4a9rv	Scott Atlas resigns as Trump COVID-19 adviser	7
t3_k3weo8	Supreme Court Takes Up Trump Plan to Exclude Unauthorized Immigrants in Redistricting	6
t3_k3j0yc	Source: Pa. lawmaker gets a positive test at Trump meeting	1
t3_k4a1z4	DOJ Files Trump’s Pardon of Michael Flynn in Judge Sullivan’s Court — Here’s What It Says	5
t3_k3lk40	Trump loyalist Pa. State Sen. Doug Mastriano tests postive for COVID-19 after meeting Republicans at White House	1
t3_k40du5	Kayleigh McEnany’s peculiar complaint about coverage of Biden’s all-female press team	4
t3_k3urwa	Trump risks war again: Will the world condemn the murder of Iran's top nuclear scientist?	3
t3_k3ckad	"Wisconsin recount confirms Biden’s win over Trump, cementing the president’s failure to change the election results"	2
t3_k3i7pn	Biden hires all-female senior communications team	4
t3_k3e43n	Retired Navy admiral behind bin Laden raid: The rest of the world is waiting for Biden	3
t3_k4368h	Here’s when Biden’s win becomes official — and how Trump has been trying to prevent that	5
t3_k43n71	Supreme Court conservatives hint at ducking ruling on legality of Trump plan to cut undocumented immigrants from Census	6
t3_k4a802	Trump science adviser Scott Atlas leaving White House job	7
t3_k3m243	Biden will likely require walking boot for several weeks after fracturing foot	7
t3_k3arud	"Trump was ‘muttering, I won, I won, like ‘Mad King George’ after election defeat, report says"	5
t3_k3agd7	"Trump campaign's legal arguments ""shredded in every court that they're dumb enough to step into"": Pennsylvania lt. governor"	5
t3_k3irr6	"Official Says No Evidence of Fraud During Wisconsin County's Recount, Biden Still Wins the State"	2
t3_k3q52l	Trump Spent His Holiday Weekend Bolstering His Loser Routine	5
t3_k3pig2	"In First Post-Election TV Interview, Trump Suggests Will Never Accept He Lost Election"	5
t3_k3us7r	Trump lashes out as former top DHS official reasserts that election was ‘secure’	5
t3_k4a8u7	Scott Atlas has resigned as special adviser to President Donald Trump	7
t3_k45plr	"Joe Biden's doctor says he suffered ""hairline fractures"" in foot after he slipped while playing with dog"	7
t3_k48anw	Read: Trump's pardon of Michael Flynn	7
t3_k4akv3	Scott Atlas resigns as Trump's coronavirus adviser	7
t3_k42nyo	Why Joe Biden's broken foot reveals how different his White House will be from Donald Trump's	7
t3_k3txy5	The Note: Deadlines and dead ends pile up losses for Trump	7
t3_k44kur	Here are the historic firsts in Biden's administration	4
t3_k3uvr5	"Biden, Harris to receive first presidential daily briefing on Monday"	4
t3_k41pbx	"SCOTUS Appeared Skeptical of Trump’s Census Memo, But Conservative Wing Also Questioned a Court’s Order Blocking It"	7
t3_k4ak1e	Scott Atlas resigns as coronavirus adviser to Trump	7
t3_k3zsy9	Yellen to Forge Economic Comeback as Biden’s Treasury Pick	4
t3_k3xeuj	Biden Plans Swift Moves to Protect and Advance LGBTQ Rights	6
t3_k44cwn	Biden names top economic team to focus on recovery from pandemic	4
t3_k4a9dm	Dr. Scott Atlas resigns from Trump administration	7
t3_k3c7il	"Trump said he wanted to file 'one big, beautiful lawsuit' claiming election fraud, but his lawyers told him he didn't have legal standing"	5
t3_k45h3x	Biden-Harris announce all-female communications staff	4
t3_k3tnsd	Pennsylvania lawmaker learns of positive COVID-19 test while meeting with Trump: source	1
t3_k4252o	Supreme Court wary of quick ruling on Trump drive to exclude many immigrants from census	6
t3_k3du0g	"Fauci says he lacks power to get Trump to discourage holiday travel, warns of surge upon COVID surge"	1
t3_k48b10	Biden names liberal econ team as pandemic threatens workers	4
t3_k38s2v	Dogs and cats living together: Joe Biden says feline will join White House pets	7
t3_k3ecom	Completed Wisconsin recount confirms Biden’s win over Trump	2
t3_k3uaab	"Op-Ed: To stamp out Trumpism, the U.S. needs to deal with these six things"	7
t3_k40b71	What a Joe Biden Cabinet Pick Might Mean for Native Americans—and Democrats - Choosing Deb Haaland as Interior secretary would be historic. It could also bring a new community into the party fold	4
t3_k405qp	Biden's transition challenges grow by the day	4
t3_k3bcok	Trump cannot pardon himself former White House ethics lawyer says	7
t3_k3x5m8	"Biden announces economic team, confirms Janet Yellen as Treasury nominee"	4
t3_k3a3ku	Op-Ed: How Trump is laying the groundwork for violence and unrest during Biden’s presidency	5
t3_k46amu	Biden to nominate Janet Yellen as US treasury secretary	4
t3_k3qszl	"Ousted Trump cybersecurity official calls Rudy Giuliani's election claims ""dangerous"""	7
t3_k3zvr9	Trump 'ashamed' to have endorsed Republican Georgia governor	5
t3_k4ajpl	Fox News Host Gives Lara Trump a 2020 Reality Check	7
t3_k3nzju	"What it’s like to teach children about the election, and its results, in deep-red Trump country"	2
t3_k40vhc	Will Biden’s All-Women Press Team Bring an End to the Chaos?	4
t3_k3n99k	"Joe Biden's doctor says he suffered ""hairline fracture"" in foot after he slipped while playing with dog"	7
t3_k38mjd	"Trump attorneys described Giuliani as 'deranged' and likened the team pushing election fraud claims to a 'clown car,' report says"	7
t3_k3khqf	Pa. lawmaker was informed of positive coronavirus test while meeting with Trump: report	1
t3_k4angv	Trump's coronavirus adviser Scott Atlas resigns	7
t3_k498tx	Biden’s pick to lead White House budget office emerges as lightning rod for GOP	4
t3_k4js8c	'All About the Grift': Trump Reportedly Raises Over $150 Million for Non-Existent 'Election Defense Fund'	5
t3_k4wxi7	"'It has all gone too far': Georgia voting official tears into Trump, GOP senators for fueling threats against election workers and being 'complicit' with their silence"	2
t3_k4yo0t	'It has to stop': Georgia official calls on Trump to 'stop inspiring' death threats over election	2
t3_k4xmzx	"‘Gone Too Far’: Ga Election Official Torches Trump, Gop Sens For Silence On Death Threats"	2
t3_k49pla	‘Is he just coming to bring Covid’: Democrat Georgia candidate launches blistering attack on Trump state visit	1
t3_k4yn00	‘It Has All Gone Too Far’: Georgia Election Official Lashes Trump	2
t3_k4nruh	"‘Plain and simple grift’: Trump has raised $170m since election day. Rob Flaherty, digital director of Joe Biden’s campaign, calls fund ‘plain and simple grift’"	5
t3_k4xj0o	"‘Someone’s Going to Get Killed’: Georgia Election Official’s Emotional Plea to Trump, Loeffler, Perdue"	7
t3_k4lhre	"‘They can know that there are things coming’: Former cybersecurity chief hints at legal action against Trump campaign attorney - “The way I look at it is that we’re a nation of laws, and I plan to take advantage of those laws,” said Christopher Krebs."	2
t3_k4w02o	"""Someone's going to get killed"": Georgia official slams Trump, others on post-election rhetoric"	2
t3_k4z4tc	25 former D.C. Bar presidents: Lawyers should not be complicit in Trump’s attack on democracy	2
t3_k4qof8	"268,000 People Died and Scott Atlas Shrugged: Trump's ""Most Dangerous"" Covid Adviser Quits | Atlas brought no expertise in infectious diseases but plenty of misinformation to the position."	1
t3_k4lplm	"A Post-Election Trump Firing Makes the Case for an Independent, Regulatory CISA"	7
t3_k4zn7f	A Top Georgia Election Official Angrily Urged Trump To Condemn Supporters Who Are Threatening Election Workers	7
t3_k4p9fa	A Trump Lawyer Just Called For the Execution of Trump's Former Election Security Chief	2
t3_k4pazd	A witness in Trump ally Sidney Powell's lawsuits says the voting results in 'Edison County' indicate fraud. No such place exists.	2
t3_k4n9ae	"After Trump Att’y Calls For His Death, Former DHS Official Warns That He Has Good Lawyers"	2
t3_k4l8iy	Arizona Gov. Doug Ducey Appears To Ignore Call From Trump While Certifying Election Result - The Republican governor heard plenty from the president on Twitter later.	2
t3_k4lf9x	Arizona Governor Ducey appears to ignore call from Trump or Pence while certifying election results	2
t3_k4k6te	"As Trump and Barr ramp up executions, Biden must rally America to end the death penalty"	4
t3_k4t3ox	Bank of America joins big U.S. banks that won’t finance oil in the Arctic refuge Trump opened to drilling	7
t3_k4vw65	Barr breaks with Trump on claims of fraud	2
t3_k4sn3e	Biden Calls on Congress to Pass ‘Robust’ Stimulus Package	4
t3_k4crmc	Biden Covid advisor on Dr. Atlas resignation: 'I am relieved' because he wasn’t qualified	1
t3_k4m9f8	Biden plans to reverse Trump’s anti-LGBT+ policies including trans military ban	6
t3_k4kfzg	Biden readies major stimulus push and flurry of executive actions in first 100 days	4
t3_k4visy	"Biden’s COVID Team Sounds the Alarm Over Trump’s Vaccine Distribution Plan — The president has checked out on the pandemic, aides say. And now, the team coming in says they fear basic questions are not being answered."	1
t3_k4yz38	Burnett: Barr is leaving Trump on island of his most die hard sycophants	7
t3_k4obve	Chris Krebs hints at legal action against Trump campaign lawyer who suggested he be 'shot'	2
t3_k4unqz	Congress needs to fix Donald Trump's favorite loopholes — Trump has been adept at exploiting every loophole available to him in the law. Congress needs to go full post-Watergate and close off as many as possible.	7
t3_k4qcko	"Don't be fooled: Trump's conspiracy theories won't discourage Georgia Republicans. Republican voters aren't fooled by Trump's lies about ""rigged"" elections — they think they're in on the con"	2
t3_k4m4bw	Donald Trump Jr. tells Georgia Senate voters that Trump is on the ballot	7
t3_k4qa8j	Donald Trump's refusal to accept defeat fuels violent threats on social media	5
t3_k4upt0	"Even after he’s gone, Trump will try to hog the spotlight. Ignore him, media colleagues | Opinion"	7
t3_k4uzse	Federal Court Will Not Sanction Trump Campaign for Lying in Michigan Voting Lawsuit	2
t3_k4nhk7	Fired cybersecurity chief hints at legal action after Trump campaign lawyer said he should be executed	2
t3_k4ijfx	Fired Official Says Correcting Trump's Fraud Claims The 'Right Thing To Do'	2
t3_k4vloe	"For Years, Republicans Ignored Donald Trump’s Tweets. Now They’re Using Twitter as an Excuse to Attack Biden’s Budget Chief Pick"	7
t3_k4y6fv	Former cybersecurity chief plans to take legal action after Trump lawyer calls for him to be shot	2
t3_k4v6xj	"Georgia election official condemns Trump after threat to worker: Gabriel Sterling, an aide to Georgia's secretary of state, said Trump should ""stop inspiring people to commit potential acts of violence."""	7
t3_k4uuws	Georgia election official demands Trump stop 'inspiring' violence: 'Someone's going to get killed'	7
t3_k4ywp9	Georgia election official pleads with Trump and Republicans to 'stop inciting acts of violence'	7
t3_k4woof	Georgia Elections Official Begs Trump to ‘Stop Inspiring People to Commit Potential Acts of Violence’	7
t3_k4y187	Georgia Official Warns of Trump’s Election Fraud Claims: ‘Someone’s Gonna Get Killed’	2
t3_k4vh8x	"Georgia official: Trump, U.S. senators complicit in potential violence"	7
t3_k50036	Georgia Republican warns Trump is inciting violence over election: 'Someone will get hurt'	7
t3_k4mtrr	Georgia Republicans beg Trump to release them from his prison of lies	2
t3_k4nspi	Georgia's lieutenant governor joins state GOP officials in rejecting Trump's 'misinformation'	2
t3_k4r0al	Georgia’s Lt. Governor Doesn’t Seem Eager For Trump To Visit This Weekend	7
t3_k4po9e	Giuliani denies report that he discussed pardon with Trump Giuliani was reportedly under investigation by federal prosecutors for his dealings in Ukraine on behalf of Trump’s political interests.	3
t3_k4y3xp	GOP Election Official Warns Trump to Stop the Attacks or 'Someone’s Going to Get Killed'	7
t3_k4xrcx	Groups sue Trump and White House to stop destruction of administration records	2
t3_k4otyy	Hannity says Trump should pardon himself and his family – but former White House lawyer insists that’s impossible | There is no legal basis for a president pre-emptively pardoning themselves or their relatives	7
t3_k4jmqi	House Democrats Demand Increase in IRS Funding to Go After 'Wealthy Tax Cheats'—Like Donald Trump	7
t3_k4xwaz	"Is Trump Going to Preemptively Pardon His Entire Family, Just in Case? | As long as Trump’s just giving them out, Rudy Giuliani would also like one."	7
t3_k4uuxn	Jake Tapper to interview Joe Biden and Kamala Harris in first joint interview since winning election	5
t3_k4rc4b	Joe Biden should do everything at once | How to succeed in hyperpolarized politics: run a blitz.	7
t3_k4zvg5	Judge throws out Trump rules limiting skilled-worker visas	5
t3_k4nbz8	Krebs looking at legal 'opportunities' after Trump campaign lawyer said he should be 'shot'	2
t3_k4qlgt	Legal Experts Blast Trump Lawyer For Saying Krebs Should Be ‘Taken Out And Shot’	2
t3_k4gp63	Lincoln Project calls for revenge on ‘grubby sellouts’ who backed Trump	7
t3_k4t31q	Mitch McConnell for the first time appears to accept Biden's election victory over Trump	4
t3_k4yyae	Nevada governor: 'Unconscionable' for Trump to suggest Reno's COVID-19 surge unit 'fake'	1
t3_k4nf0b	NYT: Giuliani Discussed ‘Pre-emptive Pardon’ With Trump	7
t3_k4ls58	Obama says Dolly Parton not getting medal of freedom was 'screwup': 'I'll call Biden'	7
t3_k4vrjd	"Ohio tea party leader urges Trump to suspend the Constitution, declare martial law to hold new vote"	7
t3_k4zqdg	Removing Trump Is Not Enough. He Must Be Prosecuted.	7
t3_k4xvo7	Rep. Mike Kelly asks Supreme Court to nullify Biden win over Trump in Pennsylvania as he challenges mail-in ballot rule	2
t3_k4lpoi	Report: Trump Has Raised More Than $150M On Election Fraud Propaganda	2
t3_k4ncrp	Rudy Giuliani reportedly seeks pardon from Donald Trump	7
t3_k4n99x	"Rudy Giuliani talked to Trump about getting a preemptive pardon before the president leaves office, report says"	7
t3_k4ynnv	"Rudy Giuliani, who has not been charged with a crime, discussed preemptive pardon with Trump: report. While Giuliani's specific legal exposure is unknown, he is a subject in at least two recent federal investigations"	7
t3_k4lrw2	Rudy Giuliani's latest conspiracy: 'Illegal aliens' stole Arizona's election from Trump	7
t3_k4z1fa	Schumer: Barr likely ‘to be fired’ after disputing Trump’s voter fraud claims	2
t3_k4j7fc	Sean Hannity says Trump should pardon himself and his family to avoid a ‘witch hunt.’ Experts say it’s not that simple.	7
t3_k4x5re	The Supreme Court Wants to Revive a Doctrine That Would Paralyze Biden’s Administration	7
t3_k4z4wi	"The Trump campaign's new lawsuit would invalidate 221,000 Wisconsin ballots — including votes cast by mail because of the coronavirus pandemic"	2
t3_k4za0j	"This has to stop’: Georgia official calls out Trump, U.S. senators over threats to election workers"	7
t3_k50b0h	Tiger King's attorney believes they're close to getting pardon from Trump	2
t3_k4wxx5	"Trump associates, including Giuliani, are asking for pardons"	7
t3_k4k4cu	"Trump attacks GOP governors, retweets 'why bother voting for Republicans'"	5
t3_k4xbfs	Trump bilks $170 million from supporters to fund suits—but his PAC pockets most of the cash: report	5
t3_k4oa4q	Trump Campaign Lawyer Joe diGenova Could Be Disciplined for ‘Stunning’ Statement That Chris Krebs Should Be ‘Shot’	7
t3_k4yt47	"Trump fired me for saying this, but I’ll say it again: The election wasn’t rigged"	5
t3_k4zm6n	"Trump has discussed possible pardons for three eldest children, Kushner: report"	5
t3_k4zb5e	Trump has raised $170 million since Election Day.	5
t3_k4skgg	Trump is an expert in making money off losing. Now he’s doing it again.	5
t3_k4q44l	Trump Is Milking His Donors For All They’re Worth Before He Leaves Office	5
t3_k4t7bi	Trump Is Rapidly Becoming Irrelevant	5
t3_k4qwo5	Trump Is Wringing Every Last Cent Out of His Supporters on the Way Out	5
t3_k4m8jq	Trump keeps retweeting the anonymous account 'Catturd2' which backs his baseless election-fraud claims. The handle is now trending.	2
t3_k4dmuc	"Trump lawyer calls for ousted cybersecurity chief to be ""taken out at dawn and shot"""	2
t3_k4a14m	Trump Lawyer Joe diGenova Says Former Cybersecurity Chief Chris Krebs Should Be Executed for Saying Election Was Secure	7
t3_k4zda1	Trump Reportedly Considering Pardons For 3 Of His Children And Rudy Giuliani	5
t3_k4uamv	Trump reportedly ousts top Pentagon official leading ISIS fight	7
t3_k4kzrf	Trump shares posts asking ‘why bother voting for Republicans?’ ahead of key vote that could decide Senate	5
t3_k4reut	Trump suggests Georgia governor could 'call off' Senate runoff races	5
t3_k4icdp	"Trump Tells Pompeo: Go Wild on Iran, Just Don’t Risk ‘World War III’"	3
t3_k4y1i3	Trump to boycott Biden’s inauguration and won’t even invite him for White House visit - report	5
t3_k4yuf4	"Trump to restart foreign deals, breaking a post-presidency norm - A return to overseas dealmaking raises new ethical issues no ex-president has ever confronted. Trump’s sprawling global company is private and increasingly reliant on foreign lenders."	5
t3_k4v5zk	Trump urges Georgia governor to ‘call off election’ as GOP frets about Senate runoffs	5
t3_k4mrhz	Trump wants Georgia's GOP governor to 'call off the election'	5
t3_k4zhi4	"Trump, Kushner, White House sued by watchdog to prevent illegal deletion of official emails, WhatsApp messages"	5
t3_k4w78u	"Trump’s ‘Save America’ PAC Could Pay For Big Macs, Hush Money … Pretty Much Anything"	5
t3_k4l4cp	Trump’s airtime should be limited when necessary journalist says	5
t3_k4psea	"Trump’s campaign ends as his first one began, surrounded by outcasts and cranks"	5
t3_k4jydi	Trump’s legacy is the plague of extreme lies. Truth-based media is the vaccine	2
t3_k4zbj3	"Trump’s virus czar resigned, drawing cheers from health officials who say his ideas are dangerous."	2
t3_k4n1eh	Video shows Arizona governor ignoring 'Hail to the Chief' call while certifying Biden victory	2
t3_k4zig3	Warren Presses Biden to Enact 'Effective Economic Stimulus' With Single Pen Stroke: Cancel Student Debt	4
t3_k4jluy	"We will finally get Trump out of the White House, but how do we get him out of our faces?"	7
t3_k4p6jv	Why Joe Biden Can Stop Worrying and Start Spending Like Crazy - The country is in desperate need of a massive economic recovery program. The incoming administration shouldn’t hold back.	4
t3_k4va65	William Barr Kept Silent For Weeks As Trump’s Voter Fraud Conspiracy Theories Spread	2
t3_k46s2b	Wisconsin formally declares Biden won election following recount	2
t3_k3y7zq	"""They’ll freeze them out"": Democrats fear Senate Republicans will block Biden’s judges"	7
t3_k43sa6	Arizona certifies Biden as winner over Trump team’s objections	2
t3_k4ykxt	Barr likely ‘to be fired’ after disputing Trump’s voter fraud claims	2
t3_k48ql0	"Biden All-Female Communications Team Won't Tell Nation What's Wrong, Nation Should Already Know"	6
t3_k50eri	Biden OMB Pick Wants National Soda Tax	4
t3_k4v629	Biden Treasury Secretary nominee Janet Yellen on Tuesday said she would focus on “gender disparities” and the “climate crisis.”	4
t3_k4m4sh	Biden's Neera Tanden pick signals readiness to govern by executive order	4
t3_k4sow3	"Biden’s outspoken nominee to run budget office deletes 1,000 tweets"	4
t3_k4ip0j	"Biden’s push for compromise on relief bill means Cuomo, de Blasio won’t get bailouts"	4
t3_k4p6z0	Chinese State Media: 'An Asian Era Is Coming' Post-Trump	3
t3_k4x070	"Cuomo warns that Trump vaccination plans fail minorities, undocumented immigrants"	5
t3_k4nhv7	Cyber Monday Sale! Biden Offers China 50% Off American Manufacturing	3
t3_k4jrwh	Donald Trump Supporters Hold 'Stop the Steal' Rally Outside AZ Hearing on Election Integrity	5
t3_k4ow2c	"Election Official Chris Krebs who said the 2020 Election was the most secure in American history, mulls legal action against Trump team after Joe DiGenova said ""That guy is a Class A moron. He should be drawn and quartered, taken out at dawn and shot."""	2
t3_k4tufv	"For these unemployed Bay Area hospitality workers, free time meant helping Biden win Nevada"	6
t3_k4qp1k	Giuliani and Trump reported to have discussed 'pre-emptive pardon'	5
t3_k4w0wc	"In Hilarious Comic Masterpiece, NYT Editor Tweets Paper Will Treat Biden As They Did Trump"	7
t3_k4tez8	"It appears that Joe Biden took only one question at today's big economic event: ""How does your foot feel?"""	4
t3_k4lq6p	"Joe Biden’s new appointee as director of the Office of Management and Budget, spread baseless conspiracy theories after the 2016 election insisting that Hillary Clinton lost to President Trump because Russian hackers flipped votes"	4
t3_k4w5b9	Kamala Says Biden Will Be 'Kept Comfortable' While A Discussion Ensues About Whether To Keep Him Alive	7
t3_k3vkvs	Media Say Biden’s Female-Led Comms Team Is A First. It’s What Trump Has Now	2
t3_k50p8c	"Michigan Poll Observer: Military Ballots Looked Like ‘Xerox Copies,’ All for Biden"	2
t3_k3xxlv	Neera Tanden Deletes 1100 Tweets Criticizing GOP Leaders In Anticipation Of Tight Confirmation Battle -- Biden’s pick for Director of the OMB is frantically deleting old tweets ahead of a close confirmation vote requiring GOP senators’ support.	7
t3_k4vjir	"Only 29 Percent Of Donald Trump Voters Think Joe Biden Will Be Inaugurated, Poll Shows"	4
t3_k4eg08	Rand Paul points to 4 wild 'data dumps' that put Biden ahead: 'Look at the evidence and decide for yourself'	2
t3_k50obg	"Report: Trump has discussed with advisers pardons for his 3 eldest children, Jared Kushner and Rudy Giuliani"	5
t3_k4tilo	"Sen. Susan Collins Found A Number Of Body Bags On Porch Of DC Home: The signs on the bags read: “TRUMP COVID DEATH” … “270,000” and more."	1
t3_k4tmig	"Statement of Trump Legal Team on Bill Barr’s Comments on Voter Fraud - ""We have gathered ample evidence of illegal voting in at least six states, which they have not examined."""	2
t3_k4hy75	Trump Ballots Defaulted and Switched to Biden Votes on Dominion System: Maricopa GOP Chairwoman	2
t3_k4op0c	Trump Ballots Defaulted and Switched to Biden Votes on Dominion System: Maricopa GOP Chairwoman	2
t3_k4jxmq	"Trump campaign to file Wisconsin lawsuit, claiming 'abuse' of absentee voting affected 220K ballots"	2
t3_k4mzp7	Trump Lawsuit: Wisconsin Absentee Ballot Abuses Affected 220K Votes	2
t3_k4biwe	"Trump Supporters Gather Outside Raffensperger's Home: ""We Are Silent No More"""	7
t3_k4lyw9	"Trump, Ron Paul and US anti-establishment leadership"	7
t3_k3t289	Trump: 'We Don't Have Freedom of the Press in This Country -- We Have Suppression by the Press'	5
t3_k4ujm8	Watch: Arizona Gov. Doug Ducey Appears to Decline Call from President Trump	5
t3_k47gtt	Wisconsin Becomes Last Contested State to Confirm Biden Won	2
t3_k4ans8	Wisconsin Confirms Joe Biden as Winner Following Recount	2