name	title	coding
t3_k3aa7g	'LYING FOR DEMOCRATS' Candace Owens wins challenge against ‘communist’ Facebook fact-checker Politifact over Biden post false rating	7
t3_k2c7ch	"'Cover Up': Trump Lawyers React After Third Circuit Rejects PA Lawsuit -- ""Charges of unfairness are serious,"" Judge Stephanos Bibas wrote in his 21-page opinion on Friday. ""But calling an election unfair does not make it so."" Jenna Ellis responds: ""On to SCOTUS!"""	2
t3_k3hbyt	11 Trillion Reasons To Fear Joe Biden's Presidency	4
t3_k25sn9	3rd Circuit Court of Appeals Issues Ruling in Trump Campaign v. Pennsylvania	2
t3_k3k85w	A Justified Pardon -- Trump’s pardon of Michael Flynn restores the executive branch’s prosecutorial discretion and ends a case that should never have started.	5
t3_k2o25j	Arizona State Legislature to Hold 'Urgent' Election Integrity Hearing With Trump's Lawyers	2
t3_k29s72	Arizona State Legislature to Hold 'Urgent' Election Integrity Hearing With Trump's Lawyers	2
t3_k36n6f	Beijing Biden to ‘cooperate with China’ and offer ‘more stable approach’ to Trump trade war	3
t3_k3k0gm	Biden Announces All-Female Senior WH Press Team	4
t3_k1qtwn	Biden breaks Obama’s record for lowest number of counties won	4
t3_k2h0h9	Biden netted 132 extra votes after Milwaukee County recount	2
t3_k3kbdw	Biden news coverage goes to the dogs — media lap up word of pets returning to White House	4
t3_k3aoih	"Biden promise to follow the science is 'noble,' but it must be THE science"	4
t3_k2qwef	Biden To ‘De-Emphasize The Military As An Instrument Of National Power’: Report	4
t3_k36qda	Biden's Leading CIA Director Pick Backed Torture	4
t3_k2rfra	Biden’s ‘Climate Czar’ Makes Shocking Comments About the Anti-Capitalism Great Reset: ‘It Will Happen’	4
t3_k3lfcm	Biden’s Injury From Falling While Playing With Dog More Serious Than Initially Thought	4
t3_k3lwp9	Biden’s Injury From Falling While Playing With Dog More Serious Than Initially Thought	4
t3_k2x1bx	Black Lives Matter Leader Says Joe Biden ‘Capitalized On Our Efforts To Defund The Police’	6
t3_k30sig	Black Lives Matter Leader Says Joe Biden ‘Capitalized On Our Efforts To Defund The Police’	6
t3_k27ftu	"Chinese State Media Feels Biden's Personnel Picks 'Good For China,' 'Softer' Than Trump"	3
t3_k26yxj	Court Denies Trump Campaign’s Appeal of Pennsylvania Ballot Challenge	5
t3_k33yov	"Dark Money, Assailed by Dems, Aided Biden: Analysis"	4
t3_k39tlx	"Data expert: Vote tabulation feeds in PA, GA show 'anomalies' suggesting Trump missing votes"	2
t3_k2mh5u	"Democrats are scrambling to explain away the inroads Republicans have made with minorities, as evidenced in the election results. Instead of listening to the concerns of the Black and Hispanic voters who voted for Trump — Democrats are instead blaming them."	6
t3_k22itk	"Democrats Want Unity Only on Their Terms -- Many Trump haters have been lying all along about President Donald Trump, what he stands for, what his record has been, and who his supporters are. Now they tell us they want unity."	5
t3_k2465g	"Despite push from progressives, Biden unlikely to offer Sanders and Warren jobs"	4
t3_k2ar2b	"Donald Trump Calls for Section 230 Repeal as Parler CEO Says Facebook, Twitter 'Not Neutral Actors'"	5
t3_k30gtc	"Donald Trump gave the first speech of his first (brief) presidential campaign on November 15, 1999. Its subject; isolating and toppling Cuba's communist regime"	5
t3_k2f5xr	Donald Trump Urges Georgia Supporters to Vote for Kelly Loeffler and David Perdue in Senate Runoffs	5
t3_k22lf5	"Donald Trump: 'Facts Are on Our Side' in Election Fight, but 'Time Isn't'"	5
t3_k2wwil	Donor sues pro-Trump group for $2.5M over 'empty promises' on voter fraud	5
t3_k3483t	Dr. Navid Keshavarz-Nia: “I conclude with high confidence that the election 2020 data were altered in all battleground states resulting in a hundreds of thousands of votes that were cast for President Trump to be transferred to Vice President Biden.The evidence is overwhelming and incontrovertible.”	2
t3_k3h40d	Five Videos – Five States Where Votes Were Switched Live on TV Away from President Trump to Biden -	2
t3_k34w5k	How Biden Plans on Rewarding Cindy McCain for Her Endorsement	4
t3_k37n9a	Hundreds of BLM Protesters Gather Outside LA Mayor Eric Garcetti’s Home. This is the 5th straight day protesters have shown up to Garcetti’s home to protest. They say they are here to protest the consideration of Eric Garcetti to the media’s fake president-elect Joe Biden’s so-called “cabinet.”	6
t3_k3fwuh	"If the FBI and DOJ are involved, this might explain why it's so hard for Trump to get evidence of the massive Biden voter fraud in time for the courts"	5
t3_k2oj48	Jenna Ellis to Newsmax TV: Trump Team Heads to Arizona Legislature Next	5
t3_k2mps5	Joe Biden 'offers John McCain's widow Cindy McCain the job of UK ambassador' after she campaigned for him and 'delivered Arizona' for the Democrats in surprise victory	3
t3_k39q3u	"Joe Biden Cabinet Prioritizes Establishment Experience, Obama Administration Figures"	4
t3_k3erbc	Joe Biden Gun Control Proposal Could Bankrupt Firearms Industry	4
t3_k3cb2s	Joe Biden Has Been Living In Fear Of COVID Because Of Possible Loss of Smell	1
t3_k3iw5f	"Joe Biden Twists Ankle While Playing With Dog, Reports Say"	4
t3_k2uy7v	Joe Biden Video Censored by Facebook Fact Checker	4
t3_k39e0u	Jon Voight Warns 'We Are in Great Danger if We Fall Under a Biden Administration'	7
t3_k2x8wf	Judge rules pro-Trump case established a 'likelihood to succeed on the merits' in Pennsylvania	2
t3_k32nf0	Just like Biden: Chavez was losing on election night...	7
t3_k24c2e	"Keith Olbermann: We’d Like Prisons To Be Filled up with Trumps, Trump Flunkies, and Trump Apologists: AIR.TV"	7
t3_k2h6bv	Lee Smith: Trump Closes a Dark Chapter for General Flynn	5
t3_k2twr2	Liberals Heads Explode After CNN Video Surfaces Showing Path for Trump 2020 Win	2
t3_k2cxxq	Milwaukee County presidential recount wraps up with Biden adding to his margin over Trump	2
t3_k2f7n6	"Mossad Whacks Top Iranian Nuclear Scientist, Joe Biden's Ability to Suck Up To Iran Hardest Hit"	3
t3_k2gt0o	Obama: Republicans portraying white men as 'victims' helped Trump win votes | Barack Obama | The Guardian	6
t3_k2xj6r	"Ohio certifies presidential election results, Trump win"	2
t3_k2vlb2	"Ohio certifies Presidential election results, Trump wins OH"	2
t3_k2xa2d	PBS's Yamiche Alcindor Hails Biden Cabinet As the Avengers ‘Saving Us All'	7
t3_k3a5kw	Pennsylvania Bombshell: Biden 99.4% vs. Trump 0.6%	2
t3_k32mfc	Pennsylvania Bombshell: Biden 99.4% vs. Trump 0.6% Stunning testimony that the media has dutifully ignored.	2
t3_k2q0q7	Pennsylvania Judge Rules 2020 PA Election Likely Unconstitutional – Trump Case “Likely to Succeed”	2
t3_k2f06l	Pennsylvania ruling sets up Trump appeal to Supreme Court	2
t3_k2z1v2	Pennsylvania Supreme Court Tosses Trump Ally Mike Kelly’s Constitutional Challenge to the 2020 Election	2
t3_k3hft4	President Trump ‘not going to change mind’ on election fraud	2
t3_k2vixo	President Trump paid $3M in Wisconsin recount only for Biden to gain 132 votes	2
t3_k246k2	"President Trump says he'll 'certainly' leave office if he loses Electoral College vote, but vows legal fight is 'far from over'"	5
t3_k2797i	President Trump the First Since Carter Not to Get U.S. Involved in New Wars	5
t3_k3hkk3	President-elect Joe Biden twisted ankle while playing with dog Major	4
t3_k3lel5	"Professional Asshole Keith Olbermann: Prosecute Trump, Family, Supporters, Everyone"	5
t3_k3jiyz	Report: Trump considers launching 2024 campaign during Joe Biden's inauguration	5
t3_k3avhg	"Rudy Giuliani: Trump Team Looking Past Election Lawsuits, Will Lobby State Houses​"	2
t3_k2c4x6	Sidney Powell Witness Whom NY Times Described as “Always the Smartest Person in the Room” Concludes Hundreds of Thousands of Votes Transferred from Trump to Biden IN ALL BATTLEGROUND STATES	2
t3_k2ydmj	Supreme Court agrees to hear Trump’s plan to remove non-citizens from census	5
t3_k2rr24	"The 'smartest man in the room' has joined Sidney Powell's team -- Navid Keshavarz-Nia, an expert witness, stated under oath that there was massive computer fraud in the 2020 election, all of it intended to secure a victory for Joe Biden."	2
t3_k2domm	"The 4 Year Campaign Against Trump (and they want him to concede to be a ""good sport"")"	5
t3_k33yan	The PA State Legislature Hearing Was a Powerful Moment for the Trump Legal Team	2
t3_k3bs3y	The Taliban Crime Syndicate Waits Out Trump	7
t3_k26yrk	"To Save Time, The Babylon Bee Will Now Just Republish Everything Biden Says Verbatim"	4
t3_k2f3b1	Trump campaign vows to appeal Pennsylvania case to Supreme Court	2
t3_k3cu2a	Trump Expresses Doubt on Whether Supreme Court Will Hear Election Cases	5
t3_k3eevo	"Trump Makes His Post-Election Move, Purges Pentagon's Outside Advisory Board, Kissinger and Albright Get the Boot"	5
t3_k33zq4	Trump Nominates a Top Bank Regulator as Biden Starts Transition	5
t3_k2zqhw	Trump Officially Wins Ohio As State Certifies Election Results	2
t3_k3b90k	Trump officials claim legacy of 'groundwork' for nuclear breakthrough	5
t3_k3lpb3	Trump on Election Fraud: The DOJ and FBI Are 'Missing in Action'	2
t3_k3fmtl	Trump Reportedly Planning To Announce 2024 Run -- During Biden's Inauguration	5
t3_k3ka2f	Trump Reportedly Planning To Announce 2024 Run — During Biden's Inauguration	5
t3_k24m97	Trump says Biden can only enter the White House as president if he can 'prove' his 'ridiculous 80M votes' were NOT 'obtained by fraud' as he appears to row back peaceful transition claims	2
t3_k2bvqq	"Trump Slams Twitter For ‘Conservative Discrimination,’ Calls For Repeal Of Section 230"	5
t3_k28gxe	"Trump team removes members of Pentagon's Defense Policy Board, including Kissinger, Albright"	5
t3_k2nky3	"Trump unloads on Georgia Sec of State, calls him ‘enemy of the people’ over lack of transparency"	5
t3_k3fsn9	Trump: ‘They used COVID as a means to stuff the ballot boxes’	1
t3_k3hvde	Trump: Fox News 'Virtually Unwatchable'	5
t3_k2u62j	Trump’s Legal Team to Participate in Public ‘Hearing on Election Integrity’ with Arizona Lawmakers	5
t3_k3gldo	Trump’s Payroll-Tax Deferral Creates Predicament for Congress	5
t3_k2nc9m	UPDATE on Pennsylvania: Judge predicts Trump will win the lawsuit on unconstitutional mail-in ballots	2
t3_k2nbot	"WATCH: Olbermann says he wants so many Trump allies jailed ""that we have to convert Trump buildings"" into ""Trump prisons"""	5
t3_k43sa6	Arizona certifies Biden as winner over Trump team’s objections	2
t3_k3vkvs	Media Say Biden’s Female-Led Comms Team Is A First. It’s What Trump Has Now	4
t3_k47gtt	Wisconsin Becomes Last Contested State to Confirm Biden Won	2
t3_k3t289	Trump: 'We Don't Have Freedom of the Press in This Country -- We Have Suppression by the Press'	5
t3_k3y7zq	"""They’ll freeze them out"": Democrats fear Senate Republicans will block Biden’s judges"	4
t3_k3xxlv	Neera Tanden Deletes 1100 Tweets Criticizing GOP Leaders In Anticipation Of Tight Confirmation Battle -- Biden’s pick for Director of the OMB is frantically deleting old tweets ahead of a close confirmation vote requiring GOP senators’ support.	7
t3_k3yzgu	Pennsylvania Bombshell: Biden 99.4% vs. Trump 0.6%	2
t3_k44jz0	Joe Biden Reportedly Working With Teachers Union That Opposes Charter Schools	4
t3_k3tinh	Obama Scolds Hispanic Trump Voters for Not Buying Liberal Lies	6
t3_k3m2o9	Trump tells Biden to 'get well soon' after he fractured his ankle while playing with his German Shepherd Major and his doctor revealed he would need a walking boot for several weeks	5
t3_k3zdri	Lt. Gen. Michael Flynn: 'I Don't Believe the Country Will Accept Vice President Biden as the Next President'	4
t3_k46mmp	"Never Trumper Rick Wilson demands humiliation, incarceration for top Republicans who backed Trump"	7
t3_k3zexv	National Review is done with “Trump’s Disgraceful Endgame”	5
t3_k3wsh3	Why Millions Don't Believe Trump Lost	2
t3_k49jq3	MSNBC viewers lash out at Andrea Mitchell and demand she retire over comments​ critical of Joe Biden	7
t3_k48ql0	"Biden All-Female Communications Team Won't Tell Nation What's Wrong, Nation Should Already Know"	7
t3_k3z9v1	Kemp to Trump: Georgia law blocks him from ‘interfering’ with elections	2
t3_k47rrl	Trump supporter who gave $2.5m to fight election fraud wants money back	7
t3_k3t9yz	Biden Breaks Foot Playing with Dog Needs to Wear Walking Boot Trump Sends Message ’Get Well Soon!’	7
t3_k44e44	"Biden Acolytes Are Abuzz Over 'First All-Woman WH Comms Team,' They Forgot to Check in With Who's There Now"	4
t3_k495jv	Resurfaced photo shows Biden press sec Jen Psaki wearing hammer and sickle hat with Russian official	7
t3_k48aa6	"Gerard Baker: Media Treat Trump’s Team Like Dogs, Biden’s Like Puppies"	7
t3_k3zgid	Republican Senate Staff Say One Biden Cabinet Pick Has 'Zero Chance' at Confirmation: Neera Tanden -- 'has an endless stream of disparaging comments about the Republican Senators whose votes she’ll need'	4
t3_k48y91	Dr. Scott Atlas resigns as special adviser to Trump on coronavirus	1
t3_k3y97p	"Cornyn spokesman: Biden's pick for OMB ""stands zero chance of being confirmed"""	4
t3_k4ans8	Wisconsin Confirms Joe Biden as Winner Following Recount	2
t3_k3vioi	"Trump’s Michael Flynn Pardon Is Only The Beginning Of The Justice This Nation Deserves -- The corporate media has refused to tell Americans the truth, so I will. Here are six key aspects of the case that expose the Obama-Biden administration's travesty of justice."	5
t3_k3lel5	"Professional Asshole Keith Olbermann: Prosecute Trump, Family, Supporters, Everyone"	5
t3_k44lvd	"Trump’s NATO Ambassador Calls Biden President-Elect, Vows ‘Seamless’ Transition"	4
t3_k3aa7g	'LYING FOR DEMOCRATS' Candace Owens wins challenge against ‘communist’ Facebook fact-checker Politifact over Biden post false rating	7
t3_k3hvde	Trump: Fox News 'Virtually Unwatchable'	5
t3_k40ar1	On Meet The Press Chuck Todd and Eric Dyson Insipidly Declare Trump Contesting Election Results is a Racist Dog Whistle	2
t3_k3lfcm	Biden’s Injury From Falling While Playing With Dog More Serious Than Initially Thought	7
t3_k3lpb3	Trump on Election Fraud: The DOJ and FBI Are 'Missing in Action'	2
t3_k3zcmo	BREAKING: Biden Announces 6 New Major Picks For His Economic Team	4
t3_k3cu2a	Trump Expresses Doubt on Whether Supreme Court Will Hear Election Cases	2
t3_k3nbdh	Study: Media’s Suppression of 8 Issues Likely Swung Election to Biden	2
t3_k3z90v	Trump presses 'hapless' Georgia governor to overrule secretary of state on signature matching	5
t3_k3fsn9	Trump: ‘They used COVID as a means to stuff the ballot boxes’	1
t3_k47whj	Biden’s Pick For Homeland Security Chief ‘Exerted Improper Influence’ In Visa Program For Rich Foreign Investors	4
t3_k3v1yi	Legitimacy of Biden Win Buried by Objective Data | The American Spectator | USA News and PoliticsThe American Spectator | USA News and Politics	2
t3_k3eevo	"Trump Makes His Post-Election Move, Purges Pentagon's Outside Advisory Board, Kissinger and Albright Get the Boot"	5
t3_k3a5kw	Pennsylvania Bombshell: Biden 99.4% vs. Trump 0.6%	2
t3_k39tlx	"Data expert: Vote tabulation feeds in PA, GA show 'anomalies' suggesting Trump missing votes"	2
t3_k39e0u	Jon Voight Warns 'We Are in Great Danger if We Fall Under a Biden Administration'	7
t3_k3lwp9	Biden’s Injury From Falling While Playing With Dog More Serious Than Initially Thought	7
t3_k3k0gm	Biden Announces All-Female Senior WH Press Team	4
t3_k2ydmj	Supreme Court agrees to hear Trump’s plan to remove non-citizens from census	5
t3_k2vlb2	"Ohio certifies Presidential election results, Trump wins OH"	2
t3_k37n9a	Hundreds of BLM Protesters Gather Outside LA Mayor Eric Garcetti’s Home. This is the 5th straight day protesters have shown up to Garcetti’s home to protest. They say they are here to protest the consideration of Eric Garcetti to the media’s fake president-elect Joe Biden’s so-called “cabinet.”	6
t3_k46s8y	CNN uses Biden’s foot injury to fawn over transparency of incoming administration	7
t3_k3b90k	Trump officials claim legacy of 'groundwork' for nuclear breakthrough	7
t3_k478t8	Melania Trump Stuns With White House Christmas Decorations Yet Again	7
t3_k39q3u	"Joe Biden Cabinet Prioritizes Establishment Experience, Obama Administration Figures"	4
t3_k46e4x	Conservative justices quiz Trump administration on bid to remove illegal immigrants from Census with Amy Coney Barrett saying history 'really cuts against your position'	7
t3_k44jvi	"Jennifer Rubin calls Biden's cabinet picks 'center-right', impressing conservative policy wonks"	4
t3_k32mfc	Pennsylvania Bombshell: Biden 99.4% vs. Trump 0.6% Stunning testimony that the media has dutifully ignored.	2
t3_k2z1v2	Pennsylvania Supreme Court Tosses Trump Ally Mike Kelly’s Constitutional Challenge to the 2020 Election	2
t3_k36qda	Biden's Leading CIA Director Pick Backed Torture	4
t3_k445pf	Media Ignore ‘Devoutly Religious’ Biden’s Embarrassing Bible Gaffe After Freaking Out About Trump’s ‘Two Corinthians’ Remark -- Media blatantly ignores Joe Biden’s Biblical flub that would be non-stop headline fodder if uttered by the current president.	7
t3_k4770m	Trump: 'We Don't Have Freedom of the Press in This Country -- We Have Suppression by the Press'	5
t3_k2xj6r	"Ohio certifies presidential election results, Trump win"	2
t3_k2zqhw	Trump Officially Wins Ohio As State Certifies Election Results	2
t3_k3gldo	Trump’s Payroll-Tax Deferral Creates Predicament for Congress	5
t3_k46kn4	"Rudy Giuliani: Trump Team Looking Past Election Lawsuits, Will Lobby State Houses​"	7
t3_k45ywe	UPDATE: Biden ankle injury caused by tripping over a box of ballots in his basement	7
t3_k45urv	Report Finds Biden’s Campaign Received Six Times More Dark Money Than Trump’s	7
t3_k459c2	Voters rejected radical Joe Biden and he now has a mandate to work with moderate Republicans	7
t3_k2rr24	"The 'smartest man in the room' has joined Sidney Powell's team -- Navid Keshavarz-Nia, an expert witness, stated under oath that there was massive computer fraud in the 2020 election, all of it intended to secure a victory for Joe Biden."	2
t3_k2x1bx	Black Lives Matter Leader Says Joe Biden ‘Capitalized On Our Efforts To Defund The Police’	6
t3_k44ezr	Horowitz: New analysis shows Biden winning nearly impossible margins on mail-in ballots in Pennsylvania	2
t3_k2twr2	Liberals Heads Explode After CNN Video Surfaces Showing Path for Trump 2020 Win	5
t3_k45bu2	Horowitz: New analysis shows Biden winning nearly impossible margins on mail-in ballots in Pennsylvania	2
t3_k449zo	Trump's multiple paths to victory	2
t3_k3483t	Dr. Navid Keshavarz-Nia: “I conclude with high confidence that the election 2020 data were altered in all battleground states resulting in a hundreds of thousands of votes that were cast for President Trump to be transferred to Vice President Biden.The evidence is overwhelming and incontrovertible.”	2
t3_k3xywu	Democrats Rejoice After Kamala Harris Finds Special Potion To Cure Biden’s Injured Ankle	7
t3_k33zq4	Trump Nominates a Top Bank Regulator as Biden Starts Transition	5
t3_k32nf0	Just like Biden: Chavez was losing on election night...	2
t3_k33yan	The PA State Legislature Hearing Was a Powerful Moment for the Trump Legal Team	7
t3_k2nbot	"WATCH: Olbermann says he wants so many Trump allies jailed ""that we have to convert Trump buildings"" into ""Trump prisons"""	7
t3_k3ua6r	Joe Biden fractures foot after slipping while playing with dog	7
t3_k3yha6	Giuliani and Powell Could Not Give Evidence of ‘Explosive’ Fraud Claims When Asked by Others on Trump Team: Report	2
t3_k2mh5u	"Democrats are scrambling to explain away the inroads Republicans have made with minorities, as evidenced in the election results. Instead of listening to the concerns of the Black and Hispanic voters who voted for Trump — Democrats are instead blaming them."	6
t3_k3tovr	"Republican Sens. Tom Cotton and John Cornyn slam Biden cabinet picks, suggesting confirmation fight"	4
t3_k2u62j	Trump’s Legal Team to Participate in Public ‘Hearing on Election Integrity’ with Arizona Lawmakers	5
t3_k419pl	BLOCKED EVERYWHERE: How Trump won the 2020 Election. —— Try copying and pasting the link in FB messenger to a friend and watch it not go through. This is next level censorship on a grand scale and is quite telling!! Try it yourself!	2
t3_k2q0q7	Pennsylvania Judge Rules 2020 PA Election Likely Unconstitutional – Trump Case “Likely to Succeed”	2
t3_k30sig	Black Lives Matter Leader Says Joe Biden ‘Capitalized On Our Efforts To Defund The Police’	6
t3_k3ts3g	Trump Supporters Have A Cross To Bear	7
t3_k3shne	"Crowd gasps after learning a spike of votes in PA had 600k votes for Biden and only 3,200 for Trump"	2
t3_k2x8wf	Judge rules pro-Trump case established a 'likelihood to succeed on the merits' in Pennsylvania	2
t3_k3rdlh	'Get well soon': Donald Trump's message after Joe Biden fractures his foot while playing with dog	7
t3_k3pg69	Report: Joe Biden Suffers Injury; Heads to Orthopedist	7
t3_k2nc9m	UPDATE on Pennsylvania: Judge predicts Trump will win the lawsuit on unconstitutional mail-in ballots	2
t3_k3y7zq	"""They’ll freeze them out"": Democrats fear Senate Republicans will block Biden’s judges"	7
t3_k43sa6	Arizona certifies Biden as winner over Trump team’s objections	2
t3_k4ykxt	Barr likely ‘to be fired’ after disputing Trump’s voter fraud claims	2
t3_k48ql0	"Biden All-Female Communications Team Won't Tell Nation What's Wrong, Nation Should Already Know"	6
t3_k50eri	Biden OMB Pick Wants National Soda Tax	4
t3_k4v629	Biden Treasury Secretary nominee Janet Yellen on Tuesday said she would focus on “gender disparities” and the “climate crisis.”	4
t3_k4m4sh	Biden's Neera Tanden pick signals readiness to govern by executive order	4
t3_k4sow3	"Biden’s outspoken nominee to run budget office deletes 1,000 tweets"	4
t3_k4ip0j	"Biden’s push for compromise on relief bill means Cuomo, de Blasio won’t get bailouts"	4
t3_k4p6z0	Chinese State Media: 'An Asian Era Is Coming' Post-Trump	3
t3_k4x070	"Cuomo warns that Trump vaccination plans fail minorities, undocumented immigrants"	5
t3_k4nhv7	Cyber Monday Sale! Biden Offers China 50% Off American Manufacturing	3
t3_k4jrwh	Donald Trump Supporters Hold 'Stop the Steal' Rally Outside AZ Hearing on Election Integrity	5
t3_k4ow2c	"Election Official Chris Krebs who said the 2020 Election was the most secure in American history, mulls legal action against Trump team after Joe DiGenova said ""That guy is a Class A moron. He should be drawn and quartered, taken out at dawn and shot."""	2
t3_k4tufv	"For these unemployed Bay Area hospitality workers, free time meant helping Biden win Nevada"	6
t3_k4qp1k	Giuliani and Trump reported to have discussed 'pre-emptive pardon'	5
t3_k4w0wc	"In Hilarious Comic Masterpiece, NYT Editor Tweets Paper Will Treat Biden As They Did Trump"	7
t3_k4tez8	"It appears that Joe Biden took only one question at today's big economic event: ""How does your foot feel?"""	4
t3_k4lq6p	"Joe Biden’s new appointee as director of the Office of Management and Budget, spread baseless conspiracy theories after the 2016 election insisting that Hillary Clinton lost to President Trump because Russian hackers flipped votes"	4
t3_k4w5b9	Kamala Says Biden Will Be 'Kept Comfortable' While A Discussion Ensues About Whether To Keep Him Alive	7
t3_k3vkvs	Media Say Biden’s Female-Led Comms Team Is A First. It’s What Trump Has Now	2
t3_k50p8c	"Michigan Poll Observer: Military Ballots Looked Like ‘Xerox Copies,’ All for Biden"	2
t3_k3xxlv	Neera Tanden Deletes 1100 Tweets Criticizing GOP Leaders In Anticipation Of Tight Confirmation Battle -- Biden’s pick for Director of the OMB is frantically deleting old tweets ahead of a close confirmation vote requiring GOP senators’ support.	7
t3_k4vjir	"Only 29 Percent Of Donald Trump Voters Think Joe Biden Will Be Inaugurated, Poll Shows"	4
t3_k4eg08	Rand Paul points to 4 wild 'data dumps' that put Biden ahead: 'Look at the evidence and decide for yourself'	2
t3_k50obg	"Report: Trump has discussed with advisers pardons for his 3 eldest children, Jared Kushner and Rudy Giuliani"	5
t3_k4tilo	"Sen. Susan Collins Found A Number Of Body Bags On Porch Of DC Home: The signs on the bags read: “TRUMP COVID DEATH” … “270,000” and more."	1
t3_k4tmig	"Statement of Trump Legal Team on Bill Barr’s Comments on Voter Fraud - ""We have gathered ample evidence of illegal voting in at least six states, which they have not examined."""	2
t3_k4hy75	Trump Ballots Defaulted and Switched to Biden Votes on Dominion System: Maricopa GOP Chairwoman	2
t3_k4op0c	Trump Ballots Defaulted and Switched to Biden Votes on Dominion System: Maricopa GOP Chairwoman	2
t3_k4jxmq	"Trump campaign to file Wisconsin lawsuit, claiming 'abuse' of absentee voting affected 220K ballots"	2
t3_k4mzp7	Trump Lawsuit: Wisconsin Absentee Ballot Abuses Affected 220K Votes	2
t3_k4biwe	"Trump Supporters Gather Outside Raffensperger's Home: ""We Are Silent No More"""	7
t3_k4lyw9	"Trump, Ron Paul and US anti-establishment leadership"	7
t3_k3t289	Trump: 'We Don't Have Freedom of the Press in This Country -- We Have Suppression by the Press'	5
t3_k4ujm8	Watch: Arizona Gov. Doug Ducey Appears to Decline Call from President Trump	5
t3_k47gtt	Wisconsin Becomes Last Contested State to Confirm Biden Won	2
t3_k4ans8	Wisconsin Confirms Joe Biden as Winner Following Recount	2